Transaction_ID,Date,Customer ID,Gender,Age,Product Category,Quantity,Price per Unit,Total Amount
1,2023-11-24,CUST001,Male,34.0,Beauty,3.0,50.0,150.0
2,2023-02-27,CUST002,Female,26.0,Clothing,2.0,500.0,1000.0
3,2023-01-13,CUST003,Male,50.0,Electronics,1.0,30.0,30.0
5,2023-05-21,CUST005,Male,37.0,Clothing,1.0,500.0,500.0
6,2023-05-06,CUST006,Male,30.0,Beauty,2.0,50.0,100.0
7,2023-04-25,CUST007,Female,45.0,Beauty,1.0,30.0,30.0
8,2023-03-13,CUST008,Male,46.0,Clothing,2.0,25.0,50.0
9,2023-02-22,CUST009,Male,30.0,Electronics,4.0,25.0,100.0
10,2023-12-13,CUST010,Male,63.0,Electronics,2.0,300.0,600.0
11,2023-10-07,CUST011,Female,52.0,Clothing,4.0,50.0,200.0
12,2023-02-14,CUST012,Male,23.0,Clothing,2.0,50.0,100.0
13,2023-10-30,CUST013,Male,35.0,Beauty,3.0,25.0,75.0
14,2023-08-05,CUST014,Male,22.0,Electronics,3.0,500.0,1500.0
15,2023-01-17,CUST015,Male,64.0,Clothing,4.0,30.0,120.0
17,2023-01-16,CUST017,Female,42.0,Electronics,4.0,500.0,2000.0
18,2023-02-17,CUST018,Male,19.0,Clothing,3.0,500.0,1500.0
19,2023-04-22,CUST019,Female,27.0,Clothing,4.0,25.0,100.0
20,2023-04-30,CUST020,Female,47.0,Electronics,2.0,25.0,50.0
21,2023-09-16,CUST021,Female,62.0,Clothing,2.0,25.0,50.0
22,2023-11-05,CUST022,Male,22.0,Clothing,3.0,300.0,900.0
23,2023-01-14,CUST023,Female,50.0,Beauty,1.0,500.0,500.0
24,2023-10-15,CUST024,Male,18.0,Clothing,2.0,50.0,100.0
25,2023-04-12,CUST025,Female,35.0,Clothing,4.0,30.0,120.0
26,2023-11-29,CUST026,Female,49.0,Clothing,1.0,300.0,300.0
27,2023-12-26,CUST027,Female,64.0,Beauty,1.0,50.0,50.0
28,2023-10-07,CUST028,Female,28.0,Electronics,2.0,500.0,1000.0
31,2023-08-03,CUST031,Female,38.0,Beauty,2.0,25.0,50.0
32,2023-04-23,CUST032,Female,43.0,Beauty,1.0,500.0,500.0
33,2023-08-18,CUST033,Female,42.0,Electronics,1.0,30.0,30.0
34,2023-10-29,CUST034,Female,39.0,Beauty,3.0,300.0,900.0
35,2023-05-23,CUST035,Male,44.0,Electronics,4.0,300.0,1200.0
36,2023-01-04,CUST036,Male,30.0,Beauty,3.0,30.0,90.0
37,2023-03-23,CUST037,Female,50.0,Electronics,2.0,50.0,100.0
38,2023-12-24,CUST038,Female,51.0,Clothing,3.0,50.0,150.0
40,2023-08-05,CUST040,Female,58.0,Beauty,3.0,300.0,900.0
41,2023-06-24,CUST041,Male,52.0,Beauty,3.0,300.0,900.0
42,2023-05-23,CUST042,Female,18.0,Beauty,3.0,25.0,75.0
43,2023-03-21,CUST043,Male,38.0,Beauty,4.0,50.0,200.0
45,2023-04-21,CUST045,Male,23.0,Clothing,4.0,30.0,120.0
46,2023-06-22,CUST046,Male,45.0,Beauty,1.0,50.0,50.0
47,2023-02-22,CUST047,Male,34.0,Clothing,2.0,25.0,50.0
48,2023-02-17,CUST048,Male,22.0,Clothing,3.0,300.0,900.0
49,2023-07-14,CUST049,Female,48.0,Clothing,1.0,300.0,300.0
50,2023-02-19,CUST050,Female,22.0,Clothing,1.0,25.0,25.0
51,2023-07-03,CUST051,Female,55.0,Electronics,1.0,30.0,30.0
52,2023-06-26,CUST052,Female,20.0,Electronics,4.0,300.0,1200.0
53,2023-11-06,CUST053,Female,40.0,Beauty,3.0,500.0,1500.0
54,2023-05-16,CUST054,Male,54.0,Electronics,3.0,300.0,900.0
55,2023-01-23,CUST055,Female,54.0,Electronics,2.0,500.0,1000.0
57,2023-08-24,CUST057,Female,27.0,Beauty,3.0,25.0,75.0
58,2023-10-02,CUST058,Male,27.0,Beauty,3.0,25.0,75.0
59,2023-03-05,CUST059,Female,36.0,Beauty,1.0,300.0,300.0
60,2023-07-13,CUST060,Male,34.0,Electronics,2.0,50.0,100.0
62,2023-02-10,CUST062,Female,38.0,Electronics,3.0,500.0,1500.0
63,2023-10-10,CUST063,Male,31.0,Beauty,4.0,30.0,120.0
64,2023-05-31,CUST064,Female,26.0,Clothing,3.0,300.0,900.0
65,2023-11-18,CUST065,Female,63.0,Beauty,1.0,30.0,30.0
66,2023-11-13,CUST066,Male,18.0,Clothing,4.0,300.0,1200.0
67,2023-07-05,CUST067,Male,62.0,Clothing,1.0,50.0,50.0
68,2023-10-23,CUST068,Male,30.0,Beauty,3.0,50.0,150.0
69,2023-04-09,CUST069,Male,21.0,Beauty,4.0,50.0,200.0
70,2023-12-27,CUST070,Male,18.0,Beauty,2.0,50.0,100.0
72,2023-02-05,CUST072,Male,57.0,Electronics,2.0,25.0,50.0
73,2023-01-24,CUST073,Male,49.0,Clothing,4.0,25.0,100.0
74,2023-12-05,CUST074,Male,51.0,Electronics,4.0,500.0,2000.0
75,2023-04-27,CUST075,Female,45.0,Electronics,1.0,30.0,30.0
76,2023-05-29,CUST076,Female,48.0,Beauty,4.0,300.0,1200.0
77,2023-02-10,CUST077,Male,25.0,Electronics,1.0,300.0,300.0
78,2023-04-30,CUST078,Female,56.0,Beauty,3.0,25.0,75.0
82,2023-02-21,CUST082,Female,43.0,Clothing,1.0,300.0,300.0
83,2023-07-14,CUST083,Female,51.0,Beauty,4.0,25.0,100.0
85,2023-05-23,CUST085,Female,20.0,Electronics,4.0,500.0,2000.0
86,2023-08-21,CUST086,Male,29.0,Electronics,3.0,30.0,90.0
87,2023-11-22,CUST087,Female,18.0,Beauty,4.0,500.0,2000.0
88,2023-07-06,CUST088,Male,61.0,Beauty,4.0,50.0,200.0
89,2023-03-25,CUST089,Female,22.0,Electronics,2.0,50.0,100.0
90,2023-07-09,CUST090,Female,47.0,Clothing,2.0,50.0,100.0
91,2023-07-01,CUST091,Female,47.0,Clothing,3.0,500.0,1500.0
92,2023-04-18,CUST092,Male,34.0,Beauty,1.0,300.0,300.0
93,2023-12-10,CUST093,Female,64.0,Clothing,2.0,30.0,60.0
94,2023-05-17,CUST094,Male,40.0,Electronics,1.0,50.0,50.0
95,2023-12-26,CUST095,Female,32.0,Beauty,4.0,50.0,200.0
96,2023-12-16,CUST096,Male,54.0,Electronics,2.0,50.0,100.0
97,2023-11-28,CUST097,Female,38.0,Electronics,3.0,30.0,90.0
98,2023-02-06,CUST098,Male,31.0,Clothing,3.0,50.0,150.0
99,2023-11-08,CUST099,Male,19.0,Beauty,3.0,30.0,90.0
100,2023-11-22,CUST100,Female,28.0,Beauty,2.0,50.0,100.0
101,2023-03-29,CUST101,Male,56.0,Clothing,1.0,500.0,500.0
102,2023-10-01,CUST102,Female,55.0,Electronics,4.0,500.0,2000.0
103,2023-05-06,CUST103,Female,51.0,Electronics,1.0,30.0,30.0
104,2023-03-25,CUST104,Female,55.0,Electronics,1.0,500.0,500.0
105,2023-08-25,CUST105,Female,51.0,Electronics,4.0,30.0,120.0
106,2023-07-14,CUST106,Female,35.0,Beauty,4.0,500.0,2000.0
107,2023-05-19,CUST107,Female,47.0,Beauty,2.0,500.0,1000.0
108,2023-11-24,CUST108,Female,32.0,Clothing,2.0,30.0,60.0
109,2023-12-19,CUST109,Female,44.0,Clothing,2.0,300.0,600.0
110,2023-10-13,CUST110,Female,51.0,Beauty,2.0,500.0,1000.0
111,2023-04-23,CUST111,Female,55.0,Beauty,2.0,50.0,100.0
113,2023-12-17,CUST113,Female,50.0,Electronics,4.0,300.0,1200.0
114,2023-06-16,CUST114,Male,41.0,Electronics,1.0,30.0,30.0
115,2023-01-29,CUST115,Male,32.0,Clothing,2.0,300.0,600.0
116,2023-04-28,CUST116,Female,47.0,Beauty,2.0,25.0,50.0
117,2023-01-17,CUST117,Female,59.0,Clothing,1.0,25.0,25.0
118,2023-06-11,CUST118,Female,34.0,Beauty,2.0,500.0,1000.0
119,2023-07-25,CUST119,Female,22.0,Electronics,1.0,500.0,500.0
121,2023-05-18,CUST121,Female,46.0,Clothing,1.0,50.0,50.0
122,2023-02-03,CUST122,Female,21.0,Clothing,4.0,300.0,1200.0
123,2023-04-19,CUST123,Female,27.0,Beauty,3.0,25.0,75.0
124,2023-10-18,CUST124,Female,34.0,Electronics,4.0,500.0,2000.0
125,2023-06-11,CUST125,Male,27.0,Clothing,3.0,300.0,900.0
130,2023-04-19,CUST130,Female,34.0,Electronics,3.0,500.0,1500.0
131,2023-12-02,CUST131,Male,37.0,Clothing,3.0,500.0,1500.0
132,2023-09-13,CUST132,Female,41.0,Electronics,2.0,25.0,50.0
133,2023-07-22,CUST133,Female,22.0,Beauty,4.0,25.0,100.0
134,2023-11-26,CUST134,Male,51.0,Clothing,3.0,500.0,1500.0
135,2023-08-23,CUST135,Female,23.0,Clothing,1.0,30.0,30.0
136,2023-03-15,CUST136,Male,19.0,Electronics,2.0,500.0,1000.0
137,2023-05-16,CUST137,Female,30.0,Electronics,4.0,500.0,2000.0
138,2023-03-13,CUST138,Female,60.0,Clothing,3.0,50.0,150.0
139,2023-05-07,CUST139,Male,60.0,Beauty,1.0,50.0,50.0
140,2023-10-15,CUST140,Female,28.0,Electronics,4.0,50.0,200.0
141,2023-10-03,CUST141,Male,64.0,Electronics,4.0,30.0,120.0
142,2023-05-15,CUST142,Female,40.0,Electronics,2.0,30.0,60.0
143,2023-10-27,CUST143,Male,33.0,Clothing,4.0,500.0,2000.0
145,2023-08-08,CUST145,Male,48.0,Clothing,2.0,50.0,100.0
146,2023-10-26,CUST146,Female,28.0,Clothing,3.0,30.0,90.0
147,2023-07-24,CUST147,Female,33.0,Clothing,2.0,25.0,50.0
148,2023-07-05,CUST148,Male,25.0,Beauty,1.0,500.0,500.0
149,2023-04-23,CUST149,Female,21.0,Beauty,2.0,300.0,600.0
150,2023-03-12,CUST150,Female,57.0,Clothing,1.0,500.0,500.0
151,2023-09-18,CUST151,Female,21.0,Beauty,2.0,300.0,600.0
152,2023-09-10,CUST152,Male,42.0,Electronics,4.0,50.0,200.0
153,2023-02-16,CUST153,Male,20.0,Electronics,3.0,300.0,900.0
154,2023-01-25,CUST154,Male,49.0,Electronics,1.0,50.0,50.0
155,2023-02-26,CUST155,Male,20.0,Clothing,2.0,25.0,50.0
156,2023-03-20,CUST156,Male,44.0,Electronics,2.0,300.0,600.0
157,2023-11-18,CUST157,Male,46.0,Beauty,2.0,500.0,1000.0
158,2023-03-23,CUST158,Male,49.0,Clothing,4.0,50.0,200.0
159,2023-12-15,CUST159,Male,36.0,Beauty,4.0,500.0,2000.0
160,2023-08-05,CUST160,Male,38.0,Electronics,1.0,30.0,30.0
161,2023-11-02,CUST161,Female,22.0,Electronics,1.0,50.0,50.0
162,2023-02-02,CUST162,Male,35.0,Electronics,4.0,300.0,1200.0
163,2023-07-17,CUST163,Female,45.0,Clothing,1.0,50.0,50.0
164,2023-07-15,CUST164,Female,59.0,Beauty,3.0,500.0,1500.0
165,2023-11-02,CUST165,Female,39.0,Clothing,3.0,25.0,75.0
166,2023-08-28,CUST166,Male,38.0,Clothing,4.0,50.0,200.0
167,2023-09-28,CUST167,Male,23.0,Electronics,1.0,300.0,300.0
168,2023-05-09,CUST168,Male,18.0,Clothing,2.0,30.0,60.0
169,2023-10-11,CUST169,Male,22.0,Clothing,3.0,25.0,75.0
170,2023-01-06,CUST170,Female,58.0,Electronics,4.0,30.0,120.0
171,2023-12-15,CUST171,Male,29.0,Clothing,1.0,50.0,50.0
172,2023-02-28,CUST172,Male,43.0,Electronics,4.0,500.0,2000.0
173,2023-12-16,CUST173,Male,63.0,Electronics,2.0,500.0,1000.0
174,2023-10-02,CUST174,Male,51.0,Electronics,3.0,300.0,900.0
175,2023-05-17,CUST175,Male,31.0,Electronics,4.0,500.0,2000.0
176,2023-11-25,CUST176,Female,43.0,Clothing,4.0,25.0,100.0
177,2023-06-24,CUST177,Male,62.0,Electronics,4.0,500.0,2000.0
178,2023-02-27,CUST178,Female,44.0,Electronics,2.0,300.0,600.0
179,2023-05-31,CUST179,Male,26.0,Clothing,4.0,50.0,200.0
180,2023-08-11,CUST180,Female,43.0,Clothing,2.0,50.0,100.0
181,2023-03-22,CUST181,Male,64.0,Beauty,2.0,500.0,1000.0
182,2023-08-21,CUST182,Male,39.0,Clothing,2.0,30.0,60.0
183,2023-01-02,CUST183,Female,64.0,Clothing,3.0,50.0,150.0
184,2023-05-15,CUST184,Female,47.0,Beauty,3.0,500.0,1500.0
185,2023-09-14,CUST185,Female,60.0,Clothing,4.0,300.0,1200.0
186,2023-04-02,CUST186,Male,34.0,Clothing,4.0,500.0,2000.0
187,2023-09-17,CUST187,Female,43.0,Clothing,3.0,50.0,150.0
188,2023-02-24,CUST188,Male,53.0,Clothing,1.0,300.0,300.0
189,2023-11-17,CUST189,Male,18.0,Beauty,3.0,500.0,1500.0
190,2023-06-02,CUST190,Female,25.0,Clothing,2.0,25.0,50.0
191,2023-11-24,CUST191,Female,52.0,Clothing,3.0,300.0,900.0
192,2023-09-17,CUST192,Male,32.0,Beauty,2.0,25.0,50.0
193,2023-11-08,CUST193,Male,64.0,Electronics,4.0,30.0,120.0
194,2023-04-12,CUST194,Female,39.0,Beauty,1.0,300.0,300.0
195,2023-03-20,CUST195,Female,31.0,Electronics,4.0,25.0,100.0
196,2023-07-11,CUST196,Female,43.0,Beauty,2.0,50.0,100.0
197,2023-03-24,CUST197,Male,45.0,Beauty,2.0,50.0,100.0
198,2023-10-04,CUST198,Male,40.0,Clothing,2.0,30.0,60.0
200,2023-09-29,CUST200,Male,31.0,Electronics,1.0,300.0,300.0
201,2023-01-01,CUST201,Male,41.0,Clothing,3.0,300.0,900.0
202,2023-11-03,CUST202,Male,19.0,Electronics,4.0,300.0,1200.0
203,2023-06-15,CUST203,Male,62.0,Beauty,4.0,30.0,120.0
204,2023-09-08,CUST204,Female,43.0,Beauty,3.0,300.0,900.0
205,2023-01-10,CUST205,Male,31.0,Electronics,4.0,50.0,200.0
206,2023-02-27,CUST206,Male,24.0,Clothing,1.0,25.0,25.0
207,2023-07-05,CUST207,Male,20.0,Clothing,4.0,50.0,200.0
208,2023-06-07,CUST208,Female,64.0,Clothing,2.0,50.0,100.0
209,2023-05-03,CUST209,Male,40.0,Clothing,3.0,25.0,75.0
210,2023-01-30,CUST210,Male,63.0,Beauty,1.0,50.0,50.0
211,2023-05-04,CUST211,Female,60.0,Beauty,3.0,30.0,90.0
212,2023-10-18,CUST212,Male,64.0,Beauty,1.0,25.0,25.0
214,2023-02-10,CUST214,Male,62.0,Beauty,2.0,50.0,100.0
215,2023-02-13,CUST215,Male,35.0,Beauty,3.0,500.0,1500.0
216,2023-09-06,CUST216,Male,55.0,Clothing,4.0,50.0,200.0
217,2023-02-05,CUST217,Male,52.0,Clothing,1.0,30.0,30.0
218,2023-09-30,CUST218,Female,32.0,Clothing,3.0,300.0,900.0
219,2023-03-06,CUST219,Female,42.0,Clothing,4.0,50.0,200.0
220,2023-03-07,CUST220,Female,54.0,Beauty,3.0,300.0,900.0
221,2023-12-04,CUST221,Male,45.0,Beauty,3.0,500.0,1500.0
222,2023-09-01,CUST222,Male,27.0,Beauty,3.0,50.0,150.0
223,2023-10-09,CUST223,Male,56.0,Electronics,1.0,25.0,25.0
224,2023-03-26,CUST224,Female,34.0,Clothing,4.0,300.0,1200.0
225,2023-05-16,CUST225,Male,56.0,Clothing,2.0,500.0,1000.0
226,2023-09-28,CUST226,Male,39.0,Beauty,1.0,25.0,25.0
227,2023-11-07,CUST227,Female,43.0,Clothing,1.0,25.0,25.0
228,2023-08-05,CUST228,Male,61.0,Clothing,1.0,25.0,25.0
229,2023-04-19,CUST229,Female,42.0,Beauty,2.0,25.0,50.0
230,2023-10-04,CUST230,Female,34.0,Electronics,4.0,50.0,200.0
231,2023-12-20,CUST231,Female,30.0,Electronics,4.0,50.0,200.0
232,2023-04-13,CUST232,Male,37.0,Electronics,4.0,50.0,200.0
233,2024-01-01,CUST233,Male,42.0,Beauty,3.0,500.0,1500.0
234,2023-06-09,CUST234,Male,21.0,Clothing,3.0,500.0,1500.0
235,2023-07-24,CUST235,Male,27.0,Beauty,3.0,500.0,1500.0
236,2023-12-10,CUST236,Male,20.0,Beauty,2.0,30.0,60.0
238,2023-11-29,CUST238,Male,58.0,Clothing,3.0,500.0,1500.0
239,2023-07-11,CUST239,Male,62.0,Electronics,2.0,50.0,100.0
240,2023-08-13,CUST240,Female,35.0,Electronics,4.0,50.0,200.0
241,2023-09-22,CUST241,Male,64.0,Beauty,3.0,30.0,90.0
242,2023-08-20,CUST242,Female,53.0,Electronics,3.0,30.0,90.0
243,2023-03-03,CUST243,Male,64.0,Beauty,1.0,500.0,500.0
244,2023-05-07,CUST244,Male,39.0,Beauty,2.0,300.0,600.0
245,2023-04-26,CUST245,Male,51.0,Clothing,4.0,30.0,120.0
246,2023-02-02,CUST246,Female,64.0,Clothing,1.0,25.0,25.0
247,2023-06-23,CUST247,Female,25.0,Clothing,1.0,50.0,50.0
248,2023-01-11,CUST248,Female,57.0,Beauty,4.0,25.0,100.0
249,2023-10-29,CUST249,Female,61.0,Clothing,1.0,50.0,50.0
250,2023-10-11,CUST250,Male,36.0,Electronics,2.0,50.0,100.0
251,2023-04-28,CUST251,Female,59.0,Electronics,2.0,30.0,60.0
252,2023-10-29,CUST252,Male,58.0,Beauty,3.0,30.0,90.0
253,2023-04-23,CUST253,Male,54.0,Beauty,1.0,25.0,25.0
254,2023-01-04,CUST254,Female,23.0,Clothing,3.0,50.0,150.0
255,2023-02-06,CUST255,Female,43.0,Beauty,1.0,25.0,25.0
256,2023-12-29,CUST256,Female,51.0,Beauty,2.0,300.0,600.0
257,2023-11-20,CUST257,Female,62.0,Electronics,2.0,25.0,50.0
258,2023-01-31,CUST258,Female,23.0,Electronics,2.0,500.0,1000.0
259,2023-04-28,CUST259,Female,54.0,Clothing,1.0,25.0,25.0
260,2023-02-04,CUST260,Female,50.0,Beauty,2.0,500.0,1000.0
261,2023-01-17,CUST261,Female,39.0,Beauty,1.0,500.0,500.0
262,2023-06-19,CUST262,Male,38.0,Electronics,3.0,500.0,1500.0
263,2023-02-06,CUST263,Female,23.0,Beauty,1.0,300.0,300.0
264,2023-09-21,CUST264,Female,23.0,Electronics,3.0,25.0,75.0
265,2023-05-02,CUST265,Male,21.0,Clothing,1.0,25.0,25.0
266,2023-05-23,CUST266,Female,47.0,Electronics,3.0,300.0,900.0
267,2023-12-09,CUST267,Male,28.0,Beauty,2.0,50.0,100.0
268,2023-09-06,CUST268,Male,47.0,Clothing,3.0,30.0,90.0
269,2023-04-20,CUST269,Female,48.0,Electronics,2.0,25.0,50.0
270,2023-10-04,CUST270,Male,41.0,Electronics,2.0,30.0,60.0
271,2023-03-09,CUST271,Male,26.0,Clothing,3.0,300.0,900.0
272,2023-10-20,CUST272,Male,20.0,Clothing,1.0,50.0,50.0
273,2023-10-23,CUST273,Male,48.0,Electronics,1.0,50.0,50.0
274,2023-08-31,CUST274,Female,57.0,Beauty,4.0,50.0,200.0
275,2023-05-05,CUST275,Male,54.0,Electronics,1.0,300.0,300.0
276,2023-08-31,CUST276,Female,53.0,Clothing,4.0,500.0,2000.0
277,2023-07-28,CUST277,Male,41.0,Electronics,1.0,500.0,500.0
278,2023-04-08,CUST278,Male,48.0,Clothing,1.0,30.0,30.0
279,2023-02-18,CUST279,Male,23.0,Clothing,2.0,500.0,1000.0
280,2023-02-19,CUST280,Male,19.0,Beauty,4.0,500.0,2000.0
281,2023-12-04,CUST281,Female,37.0,Clothing,1.0,50.0,50.0
282,2023-08-09,CUST282,Female,45.0,Clothing,4.0,50.0,200.0
283,2023-07-01,CUST283,Male,28.0,Beauty,2.0,30.0,60.0
284,2023-08-05,CUST284,Male,21.0,Clothing,2.0,25.0,50.0
285,2023-07-30,CUST285,Female,32.0,Beauty,4.0,30.0,120.0
286,2023-08-28,CUST286,Male,23.0,Beauty,2.0,30.0,60.0
287,2023-01-28,CUST287,Male,47.0,Clothing,3.0,300.0,900.0
288,2023-12-11,CUST288,Male,55.0,Clothing,3.0,300.0,900.0
289,2023-12-01,CUST289,Female,19.0,Electronics,2.0,30.0,60.0
290,2023-11-27,CUST290,Female,32.0,Beauty,3.0,30.0,90.0
292,2023-02-20,CUST292,Female,28.0,Electronics,1.0,30.0,30.0
293,2023-02-01,CUST293,Male,25.0,Clothing,4.0,500.0,2000.0
294,2023-07-26,CUST294,Male,43.0,Electronics,1.0,300.0,300.0
295,2023-06-23,CUST295,Female,62.0,Beauty,4.0,30.0,120.0
296,2023-02-25,CUST296,Female,61.0,Electronics,2.0,50.0,100.0
297,2023-05-08,CUST297,Female,22.0,Beauty,1.0,50.0,50.0
298,2023-04-09,CUST298,Female,23.0,Clothing,2.0,500.0,1000.0
299,2023-04-08,CUST299,Male,43.0,Clothing,2.0,500.0,1000.0
300,2023-10-02,CUST300,Female,21.0,Beauty,4.0,25.0,100.0
301,2023-08-18,CUST301,Male,36.0,Clothing,4.0,25.0,100.0
302,2023-03-13,CUST302,Female,37.0,Clothing,4.0,25.0,100.0
303,2023-08-05,CUST303,Male,50.0,Clothing,1.0,500.0,500.0
304,2023-04-04,CUST304,Female,37.0,Clothing,3.0,500.0,1500.0
305,2023-05-23,CUST305,Female,29.0,Beauty,4.0,500.0,2000.0
306,2023-08-25,CUST306,Female,64.0,Electronics,4.0,50.0,200.0
307,2023-05-08,CUST307,Female,18.0,Electronics,1.0,500.0,500.0
308,2023-02-08,CUST308,Male,43.0,Clothing,4.0,50.0,200.0
310,2023-08-15,CUST310,Female,31.0,Electronics,1.0,25.0,25.0
311,2023-10-09,CUST311,Male,55.0,Electronics,2.0,25.0,50.0
312,2023-02-20,CUST312,Male,54.0,Clothing,4.0,25.0,100.0
313,2023-01-26,CUST313,Male,28.0,Clothing,4.0,30.0,120.0
314,2023-11-30,CUST314,Male,53.0,Electronics,2.0,30.0,60.0
315,2023-10-04,CUST315,Female,30.0,Beauty,2.0,300.0,600.0
316,2023-01-08,CUST316,Male,60.0,Clothing,2.0,300.0,600.0
317,2023-02-17,CUST317,Male,20.0,Beauty,4.0,300.0,1200.0
318,2023-05-02,CUST318,Male,50.0,Electronics,3.0,30.0,90.0
319,2023-03-27,CUST319,Female,23.0,Clothing,3.0,30.0,90.0
320,2023-07-28,CUST320,Female,27.0,Beauty,3.0,300.0,900.0
321,2023-09-06,CUST321,Female,22.0,Clothing,4.0,300.0,1200.0
322,2023-09-04,CUST322,Female,40.0,Electronics,2.0,500.0,1000.0
323,2023-04-20,CUST323,Male,27.0,Beauty,4.0,300.0,1200.0
324,2023-07-25,CUST324,Male,61.0,Electronics,2.0,500.0,1000.0
325,2023-01-31,CUST325,Female,19.0,Electronics,4.0,50.0,200.0
326,2023-03-26,CUST326,Male,30.0,Clothing,4.0,30.0,120.0
327,2023-07-14,CUST327,Male,57.0,Beauty,2.0,300.0,600.0
328,2023-01-02,CUST328,Male,19.0,Electronics,3.0,30.0,90.0
331,2023-07-19,CUST331,Female,37.0,Electronics,2.0,30.0,60.0
332,2023-05-16,CUST332,Female,18.0,Beauty,1.0,30.0,30.0
333,2023-08-21,CUST333,Male,54.0,Electronics,1.0,50.0,50.0
334,2023-05-27,CUST334,Female,26.0,Electronics,2.0,25.0,50.0
335,2023-08-05,CUST335,Female,34.0,Beauty,4.0,300.0,1200.0
336,2023-12-23,CUST336,Female,26.0,Beauty,1.0,25.0,25.0
337,2023-10-12,CUST337,Female,28.0,Beauty,1.0,25.0,25.0
338,2023-12-05,CUST338,Female,32.0,Beauty,4.0,25.0,100.0
339,2023-09-07,CUST339,Male,41.0,Clothing,4.0,30.0,120.0
340,2023-03-21,CUST340,Female,55.0,Beauty,3.0,500.0,1500.0
341,2023-04-08,CUST341,Male,52.0,Clothing,4.0,30.0,120.0
342,2023-06-01,CUST342,Male,47.0,Clothing,2.0,30.0,60.0
343,2023-04-22,CUST343,Female,48.0,Clothing,2.0,25.0,50.0
344,2023-01-30,CUST344,Male,22.0,Electronics,3.0,30.0,90.0
345,2023-10-24,CUST345,Male,61.0,Clothing,1.0,25.0,25.0
346,2023-10-05,CUST346,Male,31.0,Clothing,1.0,500.0,500.0
347,2023-02-01,CUST347,Female,28.0,Electronics,4.0,300.0,1200.0
348,2023-06-10,CUST348,Female,26.0,Electronics,2.0,25.0,50.0
349,2023-01-30,CUST349,Male,51.0,Electronics,1.0,500.0,500.0
350,2023-01-26,CUST350,Female,29.0,Beauty,3.0,300.0,900.0
351,2023-10-27,CUST351,Female,52.0,Electronics,3.0,50.0,150.0
352,2023-09-02,CUST352,Female,52.0,Electronics,2.0,25.0,50.0
353,2023-09-15,CUST353,Female,18.0,Clothing,3.0,25.0,75.0
354,2023-09-29,CUST354,Male,57.0,Electronics,3.0,50.0,150.0
355,2023-03-22,CUST355,Male,39.0,Beauty,2.0,50.0,100.0
357,2023-01-30,CUST357,Female,46.0,Electronics,4.0,25.0,100.0
358,2023-09-18,CUST358,Female,25.0,Beauty,4.0,50.0,200.0
359,2023-02-11,CUST359,Male,28.0,Electronics,3.0,30.0,90.0
360,2023-04-06,CUST360,Male,58.0,Electronics,4.0,300.0,1200.0
361,2023-02-05,CUST361,Female,54.0,Electronics,4.0,300.0,1200.0
362,2023-11-01,CUST362,Male,31.0,Electronics,3.0,300.0,900.0
363,2023-02-04,CUST363,Female,47.0,Beauty,4.0,30.0,120.0
364,2023-12-12,CUST364,Female,52.0,Beauty,3.0,50.0,150.0
365,2023-05-01,CUST365,Male,38.0,Clothing,1.0,500.0,500.0
366,2023-07-26,CUST366,Male,54.0,Beauty,2.0,50.0,100.0
367,2023-03-03,CUST367,Female,22.0,Electronics,2.0,25.0,50.0
368,2023-10-19,CUST368,Female,36.0,Clothing,4.0,300.0,1200.0
369,2023-05-07,CUST369,Male,31.0,Clothing,4.0,50.0,200.0
370,2023-10-24,CUST370,Female,43.0,Clothing,4.0,500.0,2000.0
371,2023-11-01,CUST371,Male,21.0,Electronics,2.0,25.0,50.0
372,2023-01-21,CUST372,Female,42.0,Beauty,1.0,30.0,30.0
373,2023-11-14,CUST373,Male,62.0,Electronics,1.0,30.0,30.0
374,2023-02-11,CUST374,Male,59.0,Clothing,2.0,500.0,1000.0
375,2023-08-03,CUST375,Male,42.0,Electronics,1.0,25.0,25.0
376,2023-12-03,CUST376,Female,35.0,Electronics,2.0,300.0,600.0
377,2023-10-26,CUST377,Female,57.0,Beauty,1.0,50.0,50.0
378,2023-10-17,CUST378,Male,25.0,Beauty,3.0,25.0,75.0
379,2023-09-25,CUST379,Female,56.0,Clothing,3.0,30.0,90.0
380,2023-06-11,CUST380,Male,57.0,Electronics,2.0,500.0,1000.0
381,2023-05-14,CUST381,Male,31.0,Electronics,1.0,500.0,500.0
382,2023-04-15,CUST382,Female,49.0,Beauty,4.0,50.0,200.0
383,2023-12-09,CUST383,Female,55.0,Electronics,1.0,500.0,500.0
384,2023-06-10,CUST384,Male,50.0,Electronics,3.0,500.0,1500.0
385,2023-05-03,CUST385,Female,40.0,Electronics,3.0,25.0,75.0
386,2023-05-16,CUST386,Female,32.0,Beauty,1.0,300.0,300.0
387,2023-07-22,CUST387,Male,50.0,Clothing,1.0,50.0,50.0
388,2023-03-09,CUST388,Male,42.0,Clothing,4.0,25.0,100.0
389,2023-12-10,CUST389,Female,34.0,Electronics,4.0,300.0,1200.0
390,2023-11-27,CUST390,Male,50.0,Clothing,1.0,25.0,25.0
391,2023-06-03,CUST391,Male,64.0,Beauty,1.0,25.0,25.0
392,2023-08-23,CUST392,Female,19.0,Beauty,1.0,500.0,500.0
393,2023-06-11,CUST393,Male,31.0,Clothing,1.0,300.0,300.0
394,2023-02-07,CUST394,Male,57.0,Clothing,2.0,50.0,100.0
395,2023-01-05,CUST395,Female,57.0,Electronics,1.0,50.0,50.0
396,2023-08-23,CUST396,Female,56.0,Clothing,4.0,300.0,1200.0
397,2023-11-15,CUST397,Male,23.0,Electronics,3.0,500.0,1500.0
398,2023-10-16,CUST398,Male,23.0,Electronics,2.0,30.0,60.0
399,2023-02-21,CUST399,Female,20.0,Beauty,1.0,25.0,25.0
400,2023-02-07,CUST400,Female,24.0,Beauty,3.0,500.0,1500.0
401,2023-10-03,CUST401,Female,25.0,Beauty,2.0,300.0,600.0
402,2023-04-20,CUST402,Female,59.0,Beauty,3.0,25.0,75.0
403,2023-09-17,CUST403,Male,32.0,Clothing,1.0,50.0,50.0
404,2023-05-16,CUST404,Female,64.0,Beauty,1.0,30.0,30.0
405,2023-03-09,CUST405,Female,46.0,Clothing,4.0,50.0,200.0
406,2023-06-28,CUST406,Male,50.0,Beauty,1.0,300.0,300.0
407,2023-02-05,CUST407,Female,47.0,Clothing,1.0,25.0,25.0
408,2023-05-06,CUST408,Male,56.0,Electronics,2.0,300.0,600.0
409,2023-07-09,CUST409,Female,44.0,Clothing,4.0,25.0,100.0
410,2023-05-26,CUST410,Female,53.0,Clothing,2.0,500.0,1000.0
411,2023-03-22,CUST411,Female,46.0,Beauty,3.0,30.0,90.0
412,2023-08-13,CUST412,Male,55.0,Clothing,1.0,500.0,500.0
413,2023-10-06,CUST413,Male,50.0,Electronics,3.0,500.0,1500.0
414,2023-12-27,CUST414,Female,54.0,Electronics,2.0,300.0,600.0
415,2023-06-04,CUST415,Male,44.0,Beauty,1.0,30.0,30.0
416,2023-11-10,CUST416,Male,50.0,Electronics,1.0,25.0,25.0
417,2023-12-01,CUST417,Male,21.0,Clothing,2.0,25.0,50.0
418,2023-09-28,CUST418,Male,39.0,Electronics,2.0,50.0,100.0
420,2023-01-05,CUST420,Male,19.0,Beauty,2.0,25.0,50.0
421,2023-12-08,CUST421,Male,27.0,Clothing,2.0,300.0,600.0
422,2023-10-11,CUST422,Female,22.0,Beauty,2.0,500.0,1000.0
423,2023-06-03,CUST423,Female,27.0,Clothing,1.0,500.0,500.0
424,2023-12-06,CUST424,Male,50.0,Electronics,2.0,500.0,1000.0
425,2023-02-23,CUST425,Female,55.0,Beauty,1.0,30.0,30.0
426,2023-03-10,CUST426,Female,30.0,Beauty,1.0,25.0,25.0
427,2023-05-16,CUST427,Female,48.0,Clothing,2.0,300.0,600.0
428,2023-03-01,CUST428,Female,64.0,Beauty,2.0,30.0,60.0
429,2023-02-24,CUST429,Male,53.0,Clothing,4.0,50.0,200.0
430,2023-10-11,CUST430,Female,62.0,Clothing,1.0,300.0,300.0
431,2023-03-21,CUST431,Female,41.0,Clothing,2.0,300.0,600.0
432,2023-05-20,CUST432,Male,32.0,Clothing,2.0,300.0,600.0
433,2023-05-25,CUST433,Male,46.0,Electronics,2.0,500.0,1000.0
434,2023-11-06,CUST434,Female,25.0,Clothing,4.0,300.0,1200.0
435,2023-04-18,CUST435,Female,22.0,Beauty,4.0,25.0,100.0
436,2023-06-25,CUST436,Female,46.0,Electronics,3.0,300.0,900.0
437,2023-04-15,CUST437,Female,64.0,Beauty,1.0,500.0,500.0
438,2023-12-18,CUST438,Female,21.0,Electronics,3.0,300.0,900.0
439,2023-11-21,CUST439,Female,29.0,Clothing,2.0,50.0,100.0
440,2023-05-16,CUST440,Male,62.0,Electronics,4.0,50.0,200.0
441,2023-09-16,CUST441,Female,19.0,Electronics,4.0,500.0,2000.0
442,2023-09-08,CUST442,Female,44.0,Beauty,3.0,25.0,75.0
443,2023-05-09,CUST443,Male,48.0,Beauty,4.0,25.0,100.0
444,2023-01-27,CUST444,Male,53.0,Clothing,2.0,30.0,60.0
445,2023-02-17,CUST445,Male,53.0,Electronics,4.0,500.0,2000.0
446,2023-11-21,CUST446,Male,43.0,Electronics,3.0,300.0,900.0
447,2023-08-05,CUST447,Female,60.0,Electronics,2.0,500.0,1000.0
448,2023-05-22,CUST448,Female,44.0,Clothing,3.0,30.0,90.0
449,2023-01-23,CUST449,Female,22.0,Clothing,4.0,500.0,2000.0
450,2023-01-02,CUST450,Female,37.0,Clothing,3.0,500.0,1500.0
451,2023-06-20,CUST451,Female,28.0,Clothing,3.0,30.0,90.0
452,2023-03-08,CUST452,Female,27.0,Clothing,1.0,25.0,25.0
453,2023-11-23,CUST453,Male,57.0,Beauty,4.0,300.0,1200.0
454,2023-05-15,CUST454,Female,55.0,Electronics,4.0,30.0,120.0
455,2023-03-24,CUST455,Male,23.0,Electronics,3.0,50.0,150.0
456,2023-08-15,CUST456,Male,25.0,Electronics,1.0,25.0,25.0
457,2023-10-10,CUST457,Female,40.0,Electronics,4.0,50.0,200.0
458,2023-12-28,CUST458,Male,64.0,Electronics,2.0,25.0,50.0
459,2023-08-07,CUST459,Female,43.0,Electronics,3.0,300.0,900.0
460,2023-10-15,CUST460,Male,63.0,Electronics,4.0,300.0,1200.0
461,2023-01-05,CUST461,Female,60.0,Electronics,2.0,500.0,1000.0
462,2023-02-27,CUST462,Male,29.0,Beauty,4.0,50.0,200.0
463,2023-02-08,CUST463,Female,43.0,Electronics,2.0,25.0,50.0
464,2023-12-20,CUST464,Female,30.0,Beauty,3.0,300.0,900.0
465,2023-03-18,CUST465,Female,57.0,Clothing,4.0,30.0,120.0
466,2023-10-07,CUST466,Female,35.0,Electronics,4.0,300.0,1200.0
467,2023-01-19,CUST467,Female,42.0,Clothing,1.0,30.0,30.0
468,2023-07-09,CUST468,Male,50.0,Clothing,3.0,25.0,75.0
469,2023-10-26,CUST469,Male,64.0,Clothing,2.0,300.0,600.0
470,2023-10-10,CUST470,Male,57.0,Beauty,4.0,300.0,1200.0
471,2023-03-17,CUST471,Female,60.0,Clothing,4.0,25.0,100.0
472,2023-08-09,CUST472,Male,29.0,Clothing,2.0,300.0,600.0
473,2023-03-07,CUST473,Female,61.0,Clothing,3.0,30.0,90.0
474,2023-01-22,CUST474,Female,53.0,Electronics,1.0,300.0,300.0
475,2023-06-07,CUST475,Male,21.0,Electronics,1.0,50.0,50.0
476,2023-07-06,CUST476,Male,22.0,Beauty,4.0,500.0,2000.0
477,2023-01-21,CUST477,Female,54.0,Beauty,2.0,30.0,60.0
478,2023-07-03,CUST478,Male,25.0,Electronics,4.0,50.0,200.0
479,2023-04-18,CUST479,Female,59.0,Beauty,2.0,25.0,50.0
480,2023-12-16,CUST480,Female,45.0,Electronics,1.0,30.0,30.0
481,2023-05-08,CUST481,Female,48.0,Clothing,3.0,500.0,1500.0
482,2023-12-08,CUST482,Female,26.0,Clothing,2.0,500.0,1000.0
483,2023-02-22,CUST483,Female,46.0,Beauty,1.0,25.0,25.0
484,2023-07-01,CUST484,Male,31.0,Electronics,4.0,25.0,100.0
485,2023-10-14,CUST485,Male,57.0,Electronics,2.0,30.0,60.0
486,2023-07-28,CUST486,Female,58.0,Beauty,3.0,300.0,900.0
487,2023-11-14,CUST487,Female,39.0,Electronics,4.0,25.0,100.0
488,2023-03-21,CUST488,Male,28.0,Clothing,4.0,300.0,1200.0
489,2023-05-02,CUST489,Male,40.0,Beauty,1.0,50.0,50.0
490,2023-03-25,CUST490,Female,18.0,Beauty,2.0,500.0,1000.0
491,2023-04-01,CUST491,Male,63.0,Electronics,4.0,300.0,1200.0
492,2023-07-31,CUST492,Female,54.0,Beauty,3.0,500.0,1500.0
493,2023-01-13,CUST493,Male,38.0,Electronics,2.0,300.0,600.0
494,2023-04-02,CUST494,Female,43.0,Electronics,3.0,50.0,150.0
495,2023-06-20,CUST495,Male,63.0,Electronics,4.0,25.0,100.0
496,2023-07-30,CUST496,Female,53.0,Electronics,3.0,50.0,150.0
497,2023-12-09,CUST497,Male,40.0,Electronics,1.0,25.0,25.0
498,2023-05-08,CUST498,Male,18.0,Beauty,3.0,25.0,75.0
499,2023-05-17,CUST499,Female,57.0,Clothing,2.0,500.0,1000.0
500,2023-03-23,CUST500,Male,32.0,Clothing,3.0,50.0,150.0
501,2023-12-26,CUST501,Female,38.0,Beauty,3.0,300.0,900.0
502,2023-02-25,CUST502,Male,64.0,Beauty,1.0,50.0,50.0
503,2023-07-15,CUST503,Female,26.0,Clothing,3.0,500.0,1500.0
504,2023-01-20,CUST504,Male,26.0,Clothing,3.0,25.0,75.0
505,2023-08-29,CUST505,Female,27.0,Clothing,4.0,500.0,2000.0
506,2023-04-24,CUST506,Male,43.0,Clothing,4.0,30.0,120.0
507,2023-04-13,CUST507,Female,58.0,Clothing,2.0,30.0,60.0
508,2023-08-24,CUST508,Male,52.0,Electronics,4.0,300.0,1200.0
509,2023-06-29,CUST509,Female,42.0,Beauty,4.0,500.0,2000.0
510,2023-06-06,CUST510,Female,43.0,Electronics,4.0,300.0,1200.0
511,2023-04-27,CUST511,Female,28.0,Clothing,4.0,300.0,1200.0
513,2023-04-25,CUST513,Male,55.0,Clothing,1.0,30.0,30.0
514,2023-01-13,CUST514,Female,19.0,Clothing,4.0,300.0,1200.0
515,2023-12-04,CUST515,Male,24.0,Electronics,1.0,30.0,30.0
516,2023-04-09,CUST516,Female,35.0,Electronics,1.0,25.0,25.0
517,2023-07-24,CUST517,Male,44.0,Clothing,4.0,500.0,2000.0
518,2023-06-18,CUST518,Female,51.0,Electronics,3.0,300.0,900.0
519,2023-05-23,CUST519,Male,44.0,Electronics,1.0,30.0,30.0
520,2023-02-05,CUST520,Male,34.0,Clothing,3.0,50.0,150.0
521,2023-05-23,CUST521,Female,60.0,Electronics,3.0,300.0,900.0
522,2023-06-29,CUST522,Male,61.0,Beauty,4.0,25.0,100.0
523,2023-11-25,CUST523,Male,41.0,Beauty,2.0,25.0,50.0
524,2023-09-18,CUST524,Female,42.0,Beauty,4.0,50.0,200.0
525,2023-07-24,CUST525,Male,24.0,Beauty,2.0,30.0,60.0
526,2023-12-14,CUST526,Male,23.0,Clothing,2.0,300.0,600.0
527,2023-10-02,CUST527,Male,41.0,Clothing,4.0,30.0,120.0
528,2023-06-19,CUST528,Female,50.0,Clothing,4.0,25.0,100.0
529,2023-01-15,CUST529,Male,46.0,Beauty,2.0,30.0,60.0
530,2023-03-01,CUST530,Female,60.0,Beauty,4.0,25.0,100.0
531,2023-05-14,CUST531,Male,39.0,Electronics,2.0,30.0,60.0
532,2023-04-02,CUST532,Male,43.0,Electronics,3.0,50.0,150.0
533,2023-10-25,CUST533,Male,45.0,Beauty,4.0,500.0,2000.0
534,2023-05-16,CUST534,Female,38.0,Beauty,3.0,50.0,150.0
535,2023-01-20,CUST535,Male,24.0,Beauty,1.0,50.0,50.0
536,2023-02-25,CUST536,Male,34.0,Beauty,3.0,500.0,1500.0
537,2023-11-02,CUST537,Female,37.0,Electronics,3.0,500.0,1500.0
538,2023-08-11,CUST538,Male,58.0,Beauty,2.0,300.0,600.0
539,2023-06-26,CUST539,Female,37.0,Electronics,3.0,300.0,900.0
541,2023-06-10,CUST541,Female,39.0,Beauty,4.0,50.0,200.0
542,2023-08-12,CUST542,Male,45.0,Beauty,2.0,50.0,100.0
543,2023-11-07,CUST543,Female,57.0,Beauty,1.0,25.0,25.0
544,2023-09-19,CUST544,Male,24.0,Electronics,4.0,25.0,100.0
545,2023-03-01,CUST545,Female,18.0,Electronics,1.0,300.0,300.0
546,2023-07-17,CUST546,Female,49.0,Clothing,3.0,300.0,900.0
547,2023-10-23,CUST547,Male,30.0,Beauty,4.0,25.0,100.0
548,2023-04-08,CUST548,Female,47.0,Clothing,4.0,25.0,100.0
549,2023-05-11,CUST549,Female,40.0,Clothing,1.0,30.0,30.0
550,2023-01-23,CUST550,Female,36.0,Electronics,4.0,30.0,120.0
552,2023-12-29,CUST552,Female,49.0,Electronics,4.0,25.0,100.0
553,2023-08-12,CUST553,Female,47.0,Clothing,4.0,30.0,120.0
554,2023-01-01,CUST554,Male,46.0,Beauty,3.0,500.0,1500.0
555,2023-09-24,CUST555,Female,62.0,Electronics,1.0,300.0,300.0
556,2023-10-03,CUST556,Male,46.0,Beauty,4.0,300.0,1200.0
557,2023-12-18,CUST557,Female,47.0,Beauty,2.0,25.0,50.0
558,2023-12-10,CUST558,Male,33.0,Clothing,2.0,50.0,100.0
559,2023-04-11,CUST559,Male,57.0,Clothing,2.0,25.0,50.0
560,2023-07-06,CUST560,Female,36.0,Clothing,2.0,30.0,60.0
561,2023-08-09,CUST561,Female,35.0,Clothing,3.0,50.0,150.0
562,2023-02-05,CUST562,Female,18.0,Electronics,4.0,30.0,120.0
563,2023-12-07,CUST563,Male,31.0,Electronics,1.0,500.0,500.0
564,2023-06-19,CUST564,Female,64.0,Clothing,4.0,30.0,120.0
565,2023-11-16,CUST565,Male,19.0,Electronics,3.0,500.0,1500.0
566,2023-06-10,CUST566,Male,45.0,Clothing,2.0,500.0,1000.0
567,2023-12-06,CUST567,Male,47.0,Beauty,3.0,30.0,90.0
568,2023-03-05,CUST568,Female,55.0,Beauty,4.0,30.0,120.0
569,2023-06-03,CUST569,Female,21.0,Beauty,1.0,500.0,500.0
570,2023-09-17,CUST570,Male,18.0,Clothing,3.0,50.0,150.0
571,2023-06-08,CUST571,Male,25.0,Beauty,1.0,500.0,500.0
572,2023-12-08,CUST572,Female,46.0,Electronics,3.0,300.0,900.0
573,2023-07-29,CUST573,Male,56.0,Beauty,1.0,500.0,500.0
574,2023-06-17,CUST574,Female,20.0,Beauty,1.0,50.0,50.0
575,2023-07-26,CUST575,Male,49.0,Beauty,2.0,300.0,600.0
576,2023-12-23,CUST576,Female,27.0,Electronics,1.0,25.0,25.0
577,2023-06-01,CUST577,Male,27.0,Clothing,2.0,25.0,50.0
578,2023-10-11,CUST578,Female,36.0,Electronics,4.0,50.0,200.0
579,2023-03-07,CUST579,Male,63.0,Clothing,4.0,500.0,2000.0
580,2023-04-09,CUST580,Female,51.0,Clothing,2.0,30.0,60.0
581,2023-08-04,CUST581,Female,50.0,Beauty,2.0,50.0,100.0
582,2023-12-07,CUST582,Male,40.0,Clothing,3.0,300.0,900.0
583,2023-07-14,CUST583,Male,45.0,Electronics,3.0,300.0,900.0
584,2023-12-13,CUST584,Female,49.0,Electronics,3.0,25.0,75.0
585,2023-03-31,CUST585,Male,24.0,Clothing,4.0,300.0,1200.0
586,2023-11-12,CUST586,Female,46.0,Beauty,3.0,50.0,150.0
587,2023-10-19,CUST587,Male,25.0,Beauty,1.0,300.0,300.0
588,2023-06-04,CUST588,Female,18.0,Electronics,1.0,50.0,50.0
589,2023-07-27,CUST589,Female,20.0,Beauty,3.0,30.0,90.0
590,2023-10-08,CUST590,Female,41.0,Clothing,1.0,25.0,25.0
591,2023-01-01,CUST591,Female,40.0,Clothing,4.0,300.0,1200.0
592,2023-06-05,CUST592,Female,25.0,Electronics,1.0,50.0,50.0
593,2023-05-27,CUST593,Female,64.0,Clothing,4.0,500.0,2000.0
594,2023-04-18,CUST594,Male,54.0,Electronics,2.0,25.0,50.0
595,2023-08-09,CUST595,Male,20.0,Clothing,2.0,30.0,60.0
596,2023-10-24,CUST596,Male,50.0,Electronics,2.0,50.0,100.0
597,2023-11-07,CUST597,Female,45.0,Beauty,2.0,30.0,60.0
598,2023-12-02,CUST598,Female,64.0,Clothing,1.0,30.0,30.0
599,2023-06-14,CUST599,Female,25.0,Clothing,3.0,300.0,900.0
600,2023-08-27,CUST600,Female,51.0,Electronics,1.0,300.0,300.0
601,2023-08-15,CUST601,Male,52.0,Electronics,4.0,50.0,200.0
602,2023-08-15,CUST602,Male,49.0,Clothing,1.0,500.0,500.0
603,2023-12-12,CUST603,Female,41.0,Electronics,1.0,50.0,50.0
604,2023-04-20,CUST604,Male,31.0,Clothing,4.0,500.0,2000.0
605,2023-09-19,CUST605,Male,49.0,Beauty,2.0,30.0,60.0
606,2023-08-31,CUST606,Female,63.0,Electronics,2.0,25.0,50.0
607,2023-03-28,CUST607,Male,60.0,Clothing,2.0,50.0,100.0
608,2023-12-04,CUST608,Female,33.0,Beauty,3.0,50.0,150.0
609,2023-02-13,CUST609,Male,21.0,Beauty,4.0,500.0,2000.0
610,2023-05-26,CUST610,Female,54.0,Clothing,4.0,30.0,120.0
612,2023-09-21,CUST612,Female,38.0,Electronics,1.0,30.0,30.0
614,2023-12-06,CUST614,Female,31.0,Clothing,3.0,500.0,1500.0
615,2023-11-21,CUST615,Female,48.0,Beauty,2.0,30.0,60.0
616,2023-11-14,CUST616,Male,35.0,Clothing,3.0,300.0,900.0
617,2023-06-21,CUST617,Female,24.0,Electronics,4.0,25.0,100.0
618,2023-02-17,CUST618,Female,27.0,Beauty,4.0,50.0,200.0
619,2023-05-01,CUST619,Female,24.0,Clothing,1.0,25.0,25.0
620,2023-12-11,CUST620,Male,50.0,Electronics,1.0,50.0,50.0
621,2023-06-08,CUST621,Female,40.0,Beauty,4.0,300.0,1200.0
622,2023-04-26,CUST622,Male,38.0,Electronics,2.0,30.0,60.0
623,2023-04-12,CUST623,Female,36.0,Beauty,2.0,500.0,1000.0
624,2023-03-17,CUST624,Male,36.0,Clothing,3.0,300.0,900.0
625,2023-01-13,CUST625,Male,53.0,Electronics,4.0,25.0,100.0
626,2023-01-24,CUST626,Female,46.0,Beauty,4.0,500.0,2000.0
627,2023-05-06,CUST627,Male,35.0,Electronics,2.0,30.0,60.0
628,2023-09-01,CUST628,Female,19.0,Electronics,2.0,300.0,600.0
629,2023-11-09,CUST629,Female,18.0,Clothing,4.0,500.0,2000.0
630,2023-02-07,CUST630,Female,64.0,Electronics,1.0,300.0,300.0
631,2023-08-22,CUST631,Male,22.0,Beauty,4.0,300.0,1200.0
632,2023-08-01,CUST632,Male,37.0,Beauty,4.0,30.0,120.0
633,2023-11-19,CUST633,Female,28.0,Beauty,2.0,50.0,100.0
634,2023-10-22,CUST634,Female,59.0,Beauty,2.0,500.0,1000.0
635,2023-04-10,CUST635,Male,19.0,Clothing,1.0,30.0,30.0
636,2023-12-23,CUST636,Female,20.0,Electronics,1.0,300.0,300.0
637,2023-07-16,CUST637,Female,40.0,Clothing,3.0,30.0,90.0
638,2023-09-11,CUST638,Female,29.0,Electronics,4.0,50.0,200.0
639,2023-07-24,CUST639,Male,37.0,Electronics,2.0,500.0,1000.0
640,2023-05-05,CUST640,Male,22.0,Electronics,1.0,50.0,50.0
641,2023-03-17,CUST641,Male,54.0,Clothing,3.0,25.0,75.0
642,2023-12-02,CUST642,Female,55.0,Electronics,3.0,500.0,1500.0
644,2023-12-19,CUST644,Female,47.0,Clothing,2.0,50.0,100.0
645,2023-01-03,CUST645,Female,26.0,Beauty,2.0,300.0,600.0
646,2023-02-24,CUST646,Male,51.0,Beauty,3.0,500.0,1500.0
647,2023-08-06,CUST647,Female,61.0,Electronics,1.0,500.0,500.0
648,2023-04-23,CUST648,Female,52.0,Clothing,3.0,30.0,90.0
649,2023-04-01,CUST649,Female,39.0,Beauty,4.0,300.0,1200.0
650,2023-12-23,CUST650,Female,61.0,Clothing,4.0,25.0,100.0
651,2023-09-23,CUST651,Male,41.0,Clothing,2.0,50.0,100.0
652,2023-08-26,CUST652,Male,34.0,Electronics,1.0,30.0,30.0
653,2023-01-26,CUST653,Female,27.0,Beauty,1.0,50.0,50.0
654,2023-10-13,CUST654,Male,47.0,Electronics,4.0,25.0,100.0
655,2023-05-08,CUST655,Male,63.0,Electronics,3.0,25.0,75.0
656,2023-03-04,CUST656,Female,40.0,Beauty,2.0,500.0,1000.0
657,2023-08-22,CUST657,Female,49.0,Beauty,3.0,25.0,75.0
658,2023-03-10,CUST658,Male,34.0,Clothing,3.0,50.0,150.0
659,2023-08-26,CUST659,Female,34.0,Beauty,3.0,300.0,900.0
660,2023-12-08,CUST660,Male,31.0,Clothing,1.0,300.0,300.0
661,2023-09-29,CUST661,Female,26.0,Clothing,4.0,500.0,2000.0
662,2023-10-14,CUST662,Male,57.0,Clothing,1.0,50.0,50.0
663,2023-11-01,CUST663,Female,19.0,Beauty,4.0,50.0,200.0
664,2023-06-12,CUST664,Male,62.0,Electronics,2.0,25.0,50.0
665,2023-08-15,CUST665,Male,42.0,Clothing,2.0,50.0,100.0
666,2023-11-10,CUST666,Male,56.0,Electronics,3.0,30.0,90.0
667,2023-09-16,CUST667,Female,26.0,Electronics,4.0,25.0,100.0
668,2023-08-07,CUST668,Male,39.0,Beauty,4.0,30.0,120.0
669,2023-10-08,CUST669,Male,60.0,Electronics,4.0,500.0,2000.0
670,2023-08-17,CUST670,Female,63.0,Electronics,3.0,300.0,900.0
671,2023-03-23,CUST671,Female,21.0,Beauty,3.0,500.0,1500.0
672,2023-09-01,CUST672,Male,43.0,Clothing,2.0,300.0,600.0
673,2023-08-19,CUST673,Male,46.0,Electronics,1.0,500.0,500.0
674,2023-05-13,CUST674,Female,62.0,Beauty,4.0,50.0,200.0
675,2023-05-07,CUST675,Female,51.0,Electronics,4.0,30.0,120.0
676,2023-11-23,CUST676,Female,40.0,Electronics,1.0,300.0,300.0
677,2023-05-22,CUST677,Female,54.0,Clothing,4.0,25.0,100.0
678,2023-09-24,CUST678,Female,28.0,Electronics,3.0,30.0,90.0
680,2023-09-06,CUST680,Male,23.0,Beauty,3.0,25.0,75.0
681,2023-11-17,CUST681,Female,35.0,Electronics,4.0,30.0,120.0
682,2023-05-03,CUST682,Male,38.0,Clothing,3.0,30.0,90.0
683,2023-05-21,CUST683,Male,59.0,Clothing,3.0,500.0,1500.0
684,2023-08-14,CUST684,Male,53.0,Beauty,4.0,300.0,1200.0
685,2023-02-09,CUST685,Female,58.0,Clothing,2.0,300.0,600.0
686,2024-01-01,CUST686,Male,55.0,Electronics,1.0,30.0,30.0
687,2023-05-27,CUST687,Male,51.0,Clothing,3.0,50.0,150.0
688,2023-05-01,CUST688,Female,34.0,Beauty,2.0,50.0,100.0
689,2023-05-20,CUST689,Male,54.0,Clothing,3.0,25.0,75.0
690,2023-06-21,CUST690,Male,42.0,Clothing,3.0,25.0,75.0
691,2023-06-13,CUST691,Female,55.0,Clothing,1.0,500.0,500.0
692,2023-10-04,CUST692,Male,29.0,Beauty,3.0,30.0,90.0
694,2023-02-11,CUST694,Male,40.0,Clothing,1.0,25.0,25.0
695,2023-03-12,CUST695,Male,59.0,Clothing,1.0,25.0,25.0
696,2023-03-19,CUST696,Female,39.0,Electronics,1.0,30.0,30.0
697,2023-04-29,CUST697,Female,38.0,Beauty,2.0,500.0,1000.0
698,2023-07-16,CUST698,Female,44.0,Clothing,4.0,25.0,100.0
699,2023-12-22,CUST699,Male,48.0,Beauty,2.0,500.0,1000.0
700,2023-03-20,CUST700,Male,23.0,Clothing,4.0,300.0,1200.0
701,2023-12-28,CUST701,Female,44.0,Clothing,4.0,500.0,2000.0
702,2023-04-20,CUST702,Male,57.0,Clothing,1.0,50.0,50.0
703,2023-02-02,CUST703,Male,51.0,Electronics,3.0,50.0,150.0
704,2023-08-01,CUST704,Female,29.0,Electronics,1.0,500.0,500.0
705,2023-07-28,CUST705,Female,62.0,Electronics,3.0,50.0,150.0
706,2023-06-19,CUST706,Male,24.0,Beauty,4.0,300.0,1200.0
708,2023-10-05,CUST708,Male,27.0,Beauty,1.0,30.0,30.0
709,2023-08-27,CUST709,Male,62.0,Electronics,3.0,50.0,150.0
710,2023-08-01,CUST710,Female,34.0,Beauty,2.0,50.0,100.0
711,2023-02-01,CUST711,Female,43.0,Clothing,3.0,500.0,1500.0
712,2023-04-16,CUST712,Female,38.0,Clothing,1.0,300.0,300.0
713,2023-08-04,CUST713,Female,45.0,Clothing,2.0,30.0,60.0
714,2023-07-19,CUST714,Male,63.0,Electronics,3.0,500.0,1500.0
715,2023-10-27,CUST715,Female,19.0,Beauty,3.0,500.0,1500.0
716,2023-12-23,CUST716,Female,60.0,Electronics,3.0,300.0,900.0
717,2023-01-11,CUST717,Female,18.0,Beauty,3.0,30.0,90.0
718,2023-10-22,CUST718,Female,53.0,Clothing,3.0,300.0,900.0
719,2023-07-14,CUST719,Female,43.0,Electronics,2.0,30.0,60.0
720,2023-09-02,CUST720,Male,46.0,Beauty,4.0,300.0,1200.0
721,2023-01-04,CUST721,Male,38.0,Beauty,2.0,500.0,1000.0
722,2023-06-30,CUST722,Female,28.0,Clothing,2.0,500.0,1000.0
723,2023-06-02,CUST723,Male,57.0,Electronics,2.0,25.0,50.0
725,2023-07-19,CUST725,Female,28.0,Electronics,4.0,50.0,200.0
726,2023-08-03,CUST726,Female,53.0,Electronics,1.0,300.0,300.0
727,2023-10-03,CUST727,Male,56.0,Clothing,4.0,25.0,100.0
728,2023-10-07,CUST728,Male,57.0,Electronics,2.0,50.0,100.0
729,2023-11-05,CUST729,Female,52.0,Clothing,3.0,300.0,900.0
730,2023-04-23,CUST730,Female,51.0,Clothing,3.0,30.0,90.0
731,2023-09-07,CUST731,Female,64.0,Clothing,2.0,50.0,100.0
732,2023-04-23,CUST732,Male,41.0,Beauty,3.0,500.0,1500.0
733,2023-05-20,CUST733,Female,39.0,Electronics,2.0,25.0,50.0
734,2023-08-12,CUST734,Female,22.0,Electronics,3.0,50.0,150.0
736,2023-09-06,CUST736,Female,50.0,Clothing,4.0,50.0,200.0
737,2023-01-15,CUST737,Male,53.0,Clothing,1.0,500.0,500.0
738,2023-07-19,CUST738,Female,64.0,Electronics,1.0,300.0,300.0
739,2023-06-22,CUST739,Female,37.0,Clothing,4.0,30.0,120.0
740,2023-12-09,CUST740,Male,36.0,Electronics,4.0,500.0,2000.0
741,2023-12-14,CUST741,Female,52.0,Beauty,2.0,30.0,60.0
742,2023-07-27,CUST742,Female,60.0,Clothing,2.0,300.0,600.0
743,2023-03-26,CUST743,Male,34.0,Electronics,2.0,50.0,100.0
744,2023-08-28,CUST744,Female,62.0,Clothing,3.0,30.0,90.0
745,2023-03-07,CUST745,Male,60.0,Electronics,2.0,25.0,50.0
746,2023-11-15,CUST746,Male,51.0,Electronics,4.0,25.0,100.0
747,2023-10-01,CUST747,Female,26.0,Clothing,1.0,500.0,500.0
748,2023-01-14,CUST748,Female,43.0,Beauty,3.0,300.0,900.0
749,2023-07-21,CUST749,Female,19.0,Electronics,2.0,500.0,1000.0
751,2023-10-31,CUST751,Female,26.0,Electronics,3.0,500.0,1500.0
752,2023-10-16,CUST752,Male,26.0,Electronics,3.0,500.0,1500.0
753,2023-12-06,CUST753,Female,57.0,Beauty,2.0,25.0,50.0
754,2023-01-14,CUST754,Male,34.0,Beauty,3.0,25.0,75.0
755,2023-02-12,CUST755,Female,18.0,Clothing,1.0,500.0,500.0
756,2023-11-26,CUST756,Female,42.0,Beauty,4.0,25.0,100.0
757,2023-08-08,CUST757,Female,60.0,Clothing,4.0,300.0,1200.0
758,2023-03-11,CUST758,Male,57.0,Clothing,1.0,500.0,500.0
759,2023-08-25,CUST759,Female,59.0,Beauty,3.0,25.0,75.0
760,2023-04-04,CUST760,Female,42.0,Clothing,2.0,30.0,60.0
761,2023-01-26,CUST761,Female,56.0,Beauty,3.0,500.0,1500.0
762,2023-05-14,CUST762,Female,52.0,Clothing,1.0,500.0,500.0
763,2023-07-14,CUST763,Male,20.0,Beauty,3.0,300.0,900.0
765,2023-06-17,CUST765,Female,54.0,Beauty,4.0,50.0,200.0
766,2023-04-19,CUST766,Male,61.0,Clothing,3.0,50.0,150.0
767,2023-08-21,CUST767,Male,61.0,Electronics,1.0,300.0,300.0
768,2023-06-17,CUST768,Male,47.0,Clothing,4.0,300.0,1200.0
769,2023-06-22,CUST769,Male,55.0,Beauty,3.0,300.0,900.0
770,2023-07-14,CUST770,Male,51.0,Electronics,3.0,50.0,150.0
771,2023-05-23,CUST771,Male,29.0,Clothing,4.0,300.0,1200.0
772,2023-08-04,CUST772,Female,36.0,Clothing,2.0,25.0,50.0
773,2023-05-10,CUST773,Male,54.0,Clothing,4.0,500.0,2000.0
774,2023-02-11,CUST774,Male,61.0,Electronics,2.0,500.0,1000.0
775,2023-08-29,CUST775,Male,34.0,Beauty,1.0,30.0,30.0
776,2023-01-10,CUST776,Female,27.0,Clothing,1.0,30.0,30.0
777,2023-10-04,CUST777,Female,64.0,Clothing,4.0,500.0,2000.0
778,2023-01-27,CUST778,Male,29.0,Clothing,4.0,25.0,100.0
780,2023-06-29,CUST780,Female,33.0,Clothing,1.0,50.0,50.0
781,2023-04-25,CUST781,Male,41.0,Clothing,2.0,50.0,100.0
782,2023-11-29,CUST782,Male,36.0,Beauty,1.0,25.0,25.0
783,2023-02-05,CUST783,Female,25.0,Beauty,4.0,50.0,200.0
784,2023-11-30,CUST784,Male,48.0,Clothing,1.0,300.0,300.0
785,2023-01-21,CUST785,Female,38.0,Electronics,4.0,500.0,2000.0
786,2023-01-16,CUST786,Female,34.0,Beauty,4.0,500.0,2000.0
787,2023-05-07,CUST787,Male,40.0,Electronics,1.0,25.0,25.0
788,2023-04-13,CUST788,Male,54.0,Beauty,2.0,50.0,100.0
789,2023-01-11,CUST789,Female,33.0,Clothing,3.0,30.0,90.0
790,2023-11-15,CUST790,Male,23.0,Beauty,1.0,30.0,30.0
791,2023-03-20,CUST791,Male,25.0,Clothing,3.0,50.0,150.0
793,2023-05-03,CUST793,Male,42.0,Beauty,1.0,30.0,30.0
794,2023-03-06,CUST794,Female,35.0,Clothing,3.0,25.0,75.0
795,2023-08-31,CUST795,Female,42.0,Clothing,2.0,25.0,50.0
796,2023-12-09,CUST796,Male,29.0,Clothing,2.0,50.0,100.0
797,2023-02-28,CUST797,Female,32.0,Clothing,1.0,30.0,30.0
798,2023-10-16,CUST798,Female,43.0,Electronics,4.0,25.0,100.0
799,2023-04-22,CUST799,Female,58.0,Clothing,3.0,25.0,75.0
800,2023-08-27,CUST800,Female,62.0,Electronics,4.0,300.0,1200.0
801,2023-12-25,CUST801,Female,43.0,Electronics,4.0,300.0,1200.0
802,2023-05-12,CUST802,Male,64.0,Clothing,4.0,25.0,100.0
803,2023-07-08,CUST803,Male,49.0,Electronics,2.0,50.0,100.0
805,2023-03-27,CUST805,Male,27.0,Beauty,1.0,500.0,500.0
806,2023-11-07,CUST806,Female,33.0,Clothing,1.0,500.0,500.0
807,2023-11-07,CUST807,Female,24.0,Electronics,2.0,25.0,50.0
808,2023-02-28,CUST808,Male,34.0,Clothing,2.0,25.0,50.0
809,2023-03-25,CUST809,Female,40.0,Clothing,1.0,25.0,25.0
810,2023-06-09,CUST810,Male,43.0,Clothing,4.0,50.0,200.0
811,2023-02-25,CUST811,Male,38.0,Electronics,3.0,300.0,900.0
812,2023-10-24,CUST812,Male,39.0,Beauty,3.0,25.0,75.0
813,2023-01-14,CUST813,Female,24.0,Beauty,3.0,25.0,75.0
814,2023-06-09,CUST814,Female,31.0,Electronics,4.0,30.0,120.0
815,2023-10-22,CUST815,Male,32.0,Clothing,1.0,50.0,50.0
816,2023-12-13,CUST816,Male,24.0,Electronics,2.0,25.0,50.0
817,2023-07-12,CUST817,Male,26.0,Electronics,1.0,30.0,30.0
818,2023-07-23,CUST818,Male,25.0,Electronics,4.0,500.0,2000.0
819,2023-04-12,CUST819,Female,40.0,Clothing,2.0,25.0,50.0
820,2023-02-08,CUST820,Female,46.0,Electronics,4.0,25.0,100.0
821,2023-10-31,CUST821,Male,35.0,Clothing,3.0,30.0,90.0
822,2023-12-20,CUST822,Male,48.0,Electronics,3.0,50.0,150.0
823,2023-11-18,CUST823,Female,47.0,Beauty,4.0,25.0,100.0
824,2023-05-05,CUST824,Female,56.0,Electronics,2.0,500.0,1000.0
825,2023-02-22,CUST825,Male,52.0,Electronics,2.0,25.0,50.0
826,2023-12-23,CUST826,Male,35.0,Beauty,1.0,500.0,500.0
827,2023-06-04,CUST827,Male,59.0,Clothing,3.0,300.0,900.0
828,2023-12-17,CUST828,Female,56.0,Clothing,1.0,300.0,300.0
829,2023-11-04,CUST829,Female,34.0,Electronics,1.0,500.0,500.0
830,2023-03-03,CUST830,Female,31.0,Beauty,4.0,50.0,200.0
831,2023-10-17,CUST831,Male,48.0,Clothing,4.0,25.0,100.0
832,2023-01-22,CUST832,Male,41.0,Electronics,1.0,25.0,25.0
833,2023-06-27,CUST833,Female,52.0,Beauty,3.0,300.0,900.0
834,2023-09-30,CUST834,Female,61.0,Clothing,4.0,500.0,2000.0
835,2023-08-08,CUST835,Male,62.0,Clothing,1.0,25.0,25.0
836,2023-12-05,CUST836,Female,51.0,Beauty,1.0,25.0,25.0
838,2023-07-09,CUST838,Female,20.0,Beauty,1.0,50.0,50.0
839,2023-02-05,CUST839,Male,54.0,Beauty,1.0,30.0,30.0
840,2023-09-17,CUST840,Female,60.0,Beauty,1.0,300.0,300.0
841,2023-11-28,CUST841,Male,57.0,Electronics,1.0,300.0,300.0
842,2023-06-24,CUST842,Male,43.0,Beauty,4.0,30.0,120.0
843,2023-01-07,CUST843,Male,40.0,Clothing,3.0,25.0,75.0
844,2023-08-04,CUST844,Male,61.0,Clothing,1.0,50.0,50.0
845,2023-09-08,CUST845,Male,56.0,Electronics,2.0,50.0,100.0
846,2023-02-24,CUST846,Male,32.0,Clothing,4.0,300.0,1200.0
847,2023-08-10,CUST847,Male,21.0,Clothing,4.0,50.0,200.0
848,2023-07-05,CUST848,Female,46.0,Beauty,1.0,30.0,30.0
849,2023-11-22,CUST849,Male,39.0,Clothing,4.0,25.0,100.0
850,2023-08-24,CUST850,Male,42.0,Electronics,1.0,30.0,30.0
851,2023-12-29,CUST851,Female,30.0,Beauty,3.0,500.0,1500.0
852,2023-03-20,CUST852,Female,35.0,Beauty,3.0,300.0,900.0
854,2023-08-11,CUST854,Female,50.0,Electronics,4.0,50.0,200.0
855,2023-04-01,CUST855,Male,33.0,Beauty,4.0,500.0,2000.0
856,2023-09-25,CUST856,Female,62.0,Beauty,2.0,50.0,100.0
857,2023-11-30,CUST857,Male,59.0,Electronics,4.0,25.0,100.0
858,2023-05-19,CUST858,Male,61.0,Beauty,2.0,25.0,50.0
859,2023-11-12,CUST859,Male,19.0,Electronics,3.0,25.0,75.0
860,2023-10-03,CUST860,Male,52.0,Electronics,3.0,50.0,150.0
861,2023-09-05,CUST861,Female,59.0,Clothing,1.0,500.0,500.0
862,2023-08-27,CUST862,Female,51.0,Clothing,3.0,25.0,75.0
863,2023-08-12,CUST863,Male,47.0,Beauty,2.0,500.0,1000.0
864,2023-10-31,CUST864,Male,30.0,Beauty,4.0,50.0,200.0
865,2023-05-18,CUST865,Male,30.0,Electronics,1.0,500.0,500.0
866,2023-06-15,CUST866,Female,35.0,Beauty,2.0,50.0,100.0
867,2023-05-06,CUST867,Male,49.0,Electronics,4.0,50.0,200.0
868,2023-02-14,CUST868,Male,49.0,Electronics,1.0,300.0,300.0
869,2023-05-23,CUST869,Female,52.0,Beauty,3.0,50.0,150.0
870,2023-08-19,CUST870,Female,56.0,Electronics,2.0,50.0,100.0
871,2023-05-05,CUST871,Male,63.0,Clothing,4.0,30.0,120.0
872,2023-08-26,CUST872,Female,46.0,Beauty,1.0,25.0,25.0
873,2023-10-19,CUST873,Female,46.0,Clothing,1.0,300.0,300.0
874,2023-11-09,CUST874,Male,61.0,Beauty,3.0,300.0,900.0
875,2023-12-09,CUST875,Female,33.0,Electronics,4.0,300.0,1200.0
876,2023-07-14,CUST876,Male,61.0,Beauty,3.0,30.0,90.0
877,2023-06-22,CUST877,Female,64.0,Clothing,3.0,50.0,150.0
878,2023-01-15,CUST878,Male,27.0,Electronics,4.0,25.0,100.0
879,2023-09-11,CUST879,Male,47.0,Beauty,4.0,500.0,2000.0
880,2023-06-16,CUST880,Male,42.0,Beauty,4.0,50.0,200.0
882,2023-04-04,CUST882,Female,56.0,Beauty,2.0,30.0,60.0
883,2023-09-07,CUST883,Male,37.0,Clothing,4.0,50.0,200.0
884,2023-04-19,CUST884,Female,22.0,Clothing,1.0,50.0,50.0
885,2023-07-01,CUST885,Male,18.0,Beauty,3.0,30.0,90.0
886,2023-05-13,CUST886,Male,47.0,Electronics,2.0,300.0,600.0
887,2023-06-24,CUST887,Female,20.0,Electronics,4.0,300.0,1200.0
888,2023-05-24,CUST888,Male,62.0,Clothing,2.0,25.0,50.0
889,2023-11-02,CUST889,Male,31.0,Electronics,4.0,25.0,100.0
890,2023-12-26,CUST890,Female,47.0,Clothing,2.0,300.0,600.0
891,2023-05-22,CUST891,Male,21.0,Beauty,3.0,500.0,1500.0
892,2023-10-12,CUST892,Male,35.0,Clothing,3.0,50.0,150.0
893,2023-01-06,CUST893,Male,54.0,Clothing,1.0,500.0,500.0
894,2023-09-22,CUST894,Male,42.0,Beauty,1.0,50.0,50.0
895,2023-04-08,CUST895,Female,18.0,Electronics,4.0,300.0,1200.0
896,2023-02-13,CUST896,Female,63.0,Clothing,3.0,25.0,75.0
897,2023-05-04,CUST897,Male,32.0,Clothing,2.0,25.0,50.0
898,2023-07-28,CUST898,Female,26.0,Beauty,2.0,500.0,1000.0
899,2023-09-08,CUST899,Male,32.0,Electronics,2.0,25.0,50.0
900,2023-10-12,CUST900,Female,41.0,Clothing,1.0,300.0,300.0
901,2023-05-04,CUST901,Male,21.0,Beauty,2.0,500.0,1000.0
902,2023-12-20,CUST902,Male,29.0,Clothing,1.0,50.0,50.0
903,2023-09-01,CUST903,Male,54.0,Beauty,1.0,25.0,25.0
904,2023-11-27,CUST904,Male,54.0,Electronics,4.0,30.0,120.0
905,2023-12-31,CUST905,Male,60.0,Electronics,2.0,25.0,50.0
906,2023-09-09,CUST906,Male,23.0,Electronics,2.0,50.0,100.0
907,2023-08-18,CUST907,Female,56.0,Electronics,3.0,500.0,1500.0
908,2023-01-09,CUST908,Male,63.0,Clothing,4.0,50.0,200.0
909,2023-02-17,CUST909,Female,41.0,Clothing,3.0,30.0,90.0
911,2023-05-31,CUST911,Male,28.0,Electronics,4.0,300.0,1200.0
912,2023-04-24,CUST912,Female,30.0,Electronics,2.0,25.0,50.0
913,2023-07-27,CUST913,Female,51.0,Electronics,1.0,500.0,500.0
914,2023-12-21,CUST914,Female,42.0,Clothing,1.0,300.0,300.0
915,2023-05-05,CUST915,Male,24.0,Electronics,1.0,50.0,50.0
916,2023-06-06,CUST916,Male,21.0,Electronics,1.0,500.0,500.0
917,2023-12-06,CUST917,Female,25.0,Electronics,1.0,300.0,300.0
918,2023-10-25,CUST918,Male,37.0,Beauty,3.0,500.0,1500.0
919,2023-07-08,CUST919,Female,46.0,Electronics,4.0,30.0,120.0
920,2023-08-31,CUST920,Male,62.0,Beauty,2.0,30.0,60.0
921,2023-10-11,CUST921,Female,63.0,Beauty,3.0,25.0,75.0
922,2023-09-29,CUST922,Female,27.0,Electronics,4.0,25.0,100.0
923,2023-06-26,CUST923,Male,60.0,Beauty,1.0,30.0,30.0
924,2023-08-06,CUST924,Female,51.0,Electronics,4.0,500.0,2000.0
925,2023-10-09,CUST925,Male,43.0,Clothing,4.0,30.0,120.0
926,2023-06-19,CUST926,Female,58.0,Clothing,1.0,25.0,25.0
927,2023-06-30,CUST927,Female,20.0,Clothing,1.0,30.0,30.0
928,2023-12-26,CUST928,Male,23.0,Clothing,1.0,30.0,30.0
929,2023-08-21,CUST929,Male,22.0,Beauty,2.0,500.0,1000.0
930,2023-05-19,CUST930,Male,22.0,Electronics,1.0,300.0,300.0
931,2023-06-06,CUST931,Female,64.0,Electronics,2.0,25.0,50.0
932,2023-05-09,CUST932,Male,40.0,Electronics,1.0,500.0,500.0
933,2023-04-29,CUST933,Female,26.0,Clothing,2.0,30.0,60.0
934,2023-03-03,CUST934,Female,52.0,Clothing,4.0,30.0,120.0
935,2023-04-09,CUST935,Male,37.0,Electronics,3.0,300.0,900.0
936,2023-06-11,CUST936,Male,59.0,Clothing,4.0,25.0,100.0
937,2023-03-03,CUST937,Female,52.0,Electronics,4.0,25.0,100.0
938,2023-10-02,CUST938,Female,35.0,Electronics,1.0,50.0,50.0
939,2023-12-20,CUST939,Male,34.0,Electronics,2.0,25.0,50.0
940,2023-04-05,CUST940,Male,41.0,Electronics,3.0,300.0,900.0
941,2023-04-09,CUST941,Male,20.0,Electronics,1.0,50.0,50.0
942,2023-04-21,CUST942,Male,49.0,Electronics,1.0,50.0,50.0
943,2023-09-05,CUST943,Male,52.0,Electronics,1.0,30.0,30.0
944,2023-05-22,CUST944,Female,55.0,Clothing,4.0,30.0,120.0
945,2023-10-29,CUST945,Female,30.0,Electronics,2.0,25.0,50.0
946,2023-09-26,CUST946,Female,64.0,Electronics,2.0,50.0,100.0
947,2023-11-02,CUST947,Female,42.0,Clothing,3.0,30.0,90.0
948,2023-05-25,CUST948,Male,26.0,Clothing,2.0,300.0,600.0
949,2023-02-21,CUST949,Male,21.0,Clothing,2.0,30.0,60.0
950,2023-04-10,CUST950,Male,31.0,Electronics,1.0,30.0,30.0
951,2023-06-01,CUST951,Female,54.0,Beauty,1.0,50.0,50.0
952,2023-04-27,CUST952,Female,51.0,Beauty,4.0,50.0,200.0
953,2023-07-04,CUST953,Male,28.0,Clothing,1.0,500.0,500.0
954,2023-04-02,CUST954,Male,58.0,Beauty,1.0,300.0,300.0
955,2023-06-04,CUST955,Female,20.0,Clothing,1.0,50.0,50.0
956,2023-01-08,CUST956,Female,45.0,Electronics,1.0,25.0,25.0
957,2023-12-29,CUST957,Male,46.0,Beauty,4.0,300.0,1200.0
958,2023-10-01,CUST958,Male,26.0,Electronics,1.0,300.0,300.0
959,2023-03-06,CUST959,Female,20.0,Beauty,3.0,50.0,150.0
960,2023-05-21,CUST960,Male,42.0,Electronics,3.0,300.0,900.0
961,2023-01-24,CUST961,Male,51.0,Beauty,3.0,50.0,150.0
962,2023-01-28,CUST962,Male,29.0,Electronics,3.0,30.0,90.0
963,2023-10-11,CUST963,Female,59.0,Electronics,1.0,500.0,500.0
964,2023-05-30,CUST964,Female,26.0,Beauty,3.0,30.0,90.0
965,2023-12-24,CUST965,Female,32.0,Electronics,1.0,50.0,50.0
966,2023-03-06,CUST966,Female,57.0,Electronics,4.0,50.0,200.0
967,2023-11-23,CUST967,Female,42.0,Electronics,3.0,30.0,90.0
968,2023-09-09,CUST968,Female,22.0,Beauty,2.0,25.0,50.0
969,2023-02-22,CUST969,Female,28.0,Beauty,3.0,25.0,75.0
970,2023-01-07,CUST970,Male,51.0,Electronics,3.0,25.0,75.0
971,2023-10-21,CUST971,Male,41.0,Electronics,1.0,50.0,50.0
972,2023-05-26,CUST972,Male,32.0,Beauty,3.0,300.0,900.0
973,2023-08-29,CUST973,Male,55.0,Beauty,2.0,50.0,100.0
974,2023-09-03,CUST974,Male,25.0,Electronics,1.0,300.0,300.0
975,2023-08-14,CUST975,Male,22.0,Electronics,1.0,30.0,30.0
976,2023-06-24,CUST976,Male,43.0,Electronics,4.0,500.0,2000.0
977,2023-04-05,CUST977,Female,35.0,Clothing,4.0,300.0,1200.0
978,2023-01-27,CUST978,Female,23.0,Beauty,3.0,25.0,75.0
979,2023-05-10,CUST979,Male,54.0,Clothing,4.0,50.0,200.0
980,2023-09-02,CUST980,Male,30.0,Beauty,4.0,30.0,120.0
981,2023-02-28,CUST981,Female,45.0,Beauty,4.0,25.0,100.0
982,2023-02-03,CUST982,Male,22.0,Beauty,1.0,30.0,30.0
983,2023-07-25,CUST983,Male,30.0,Beauty,1.0,500.0,500.0
984,2023-09-09,CUST984,Female,34.0,Beauty,1.0,50.0,50.0
985,2023-02-07,CUST985,Male,57.0,Beauty,4.0,50.0,200.0
986,2023-10-23,CUST986,Female,62.0,Beauty,1.0,500.0,500.0
987,2023-11-19,CUST987,Male,49.0,Clothing,4.0,50.0,200.0
988,2023-12-18,CUST988,Female,46.0,Electronics,1.0,300.0,300.0
989,2023-01-28,CUST989,Female,20.0,Electronics,1.0,30.0,30.0
990,2023-03-19,CUST990,Female,57.0,Clothing,2.0,25.0,50.0
991,2023-03-18,CUST991,Male,51.0,Clothing,3.0,500.0,1500.0
992,2023-10-16,CUST992,Female,57.0,Clothing,4.0,300.0,1200.0
993,2023-06-05,CUST993,Male,44.0,Clothing,2.0,25.0,50.0
994,2023-02-13,CUST994,Male,30.0,Beauty,1.0,25.0,25.0
995,2023-05-08,CUST995,Male,62.0,Electronics,4.0,500.0,2000.0
996,2023-03-02,CUST996,Male,50.0,Beauty,1.0,300.0,300.0
997,2023-10-13,CUST997,Female,23.0,Electronics,3.0,25.0,75.0
998,2023-08-02,CUST998,Female,41.0,Electronics,2.0,25.0,50.0
999,2023-11-07,CUST999,Male,36.0,Clothing,3.0,300.0,900.0
1000,2023-11-02,CUST1000,Male,33.0,Beauty,2.0,50.0,100.0
1001,2023-11-13,CUST1001,Female,57.0,Clothing,1.0,25.0,25.0
1002,2023-04-26,CUST1002,Male,45.0,Beauty,3.0,30.0,90.0
1003,2023-09-25,CUST1003,Female,50.0,Electronics,3.0,300.0,900.0
1004,2023-07-14,CUST1004,Male,58.0,Clothing,1.0,25.0,25.0
1005,2023-08-19,CUST1005,Male,30.0,Clothing,3.0,500.0,1500.0
1006,2023-08-15,CUST1006,Female,60.0,Electronics,4.0,30.0,120.0
1007,2023-06-02,CUST1007,Male,62.0,Electronics,2.0,25.0,50.0
1008,2023-05-16,CUST1008,Female,60.0,Electronics,5.0,10.0,50.0
1009,2023-10-29,CUST1009,Female,42.0,Electronics,2.0,30.0,60.0
1010,2023-08-08,CUST1010,Male,59.0,Clothing,2.0,30.0,60.0
1011,2023-06-06,CUST1011,Male,53.0,Beauty,4.0,50.0,200.0
1012,2023-10-19,CUST1012,Male,44.0,Clothing,2.0,30.0,60.0
1013,2023-11-14,CUST1013,Female,55.0,Beauty,1.0,50.0,50.0
1014,2023-01-31,CUST1014,Male,24.0,Clothing,3.0,300.0,900.0
1015,2023-11-09,CUST1015,Male,22.0,Clothing,4.0,50.0,200.0
1016,2023-02-20,CUST1016,Male,60.0,Electronics,2.0,500.0,1000.0
1017,2023-04-17,CUST1017,Male,62.0,Beauty,1.0,25.0,25.0
1018,2023-11-17,CUST1018,Female,48.0,Clothing,3.0,300.0,900.0
1019,2023-04-19,CUST1019,Female,40.0,Clothing,3.0,300.0,900.0
1020,2023-05-16,CUST1020,Male,59.0,Electronics,4.0,500.0,2000.0
1021,2023-12-05,CUST1021,Female,27.0,Electronics,4.0,50.0,200.0
1022,2023-02-11,CUST1022,Male,49.0,Beauty,4.0,25.0,100.0
1023,2023-03-22,CUST1023,Male,60.0,Clothing,1.0,50.0,50.0
1024,2023-05-03,CUST1024,Male,47.0,Beauty,1.0,30.0,30.0
1025,2023-03-30,CUST1025,Female,56.0,Clothing,4.0,50.0,200.0
1026,2023-10-10,CUST1026,Female,48.0,Beauty,2.0,300.0,600.0
1027,2023-02-08,CUST1027,Female,35.0,Electronics,3.0,25.0,75.0
1028,2023-03-22,CUST1028,Female,53.0,Clothing,3.0,50.0,150.0
1029,2023-01-02,CUST1029,Female,19.0,Beauty,1.0,25.0,25.0
1030,2023-07-29,CUST1030,Female,31.0,Electronics,3.0,25.0,75.0
1031,2023-08-19,CUST1031,Female,30.0,Electronics,2.0,30.0,60.0
1032,2023-12-19,CUST1032,Female,46.0,Beauty,3.0,30.0,90.0
1033,2023-11-01,CUST1033,Female,29.0,Clothing,1.0,300.0,300.0
1034,2023-08-29,CUST1034,Male,56.0,Clothing,1.0,500.0,500.0
1035,2023-05-30,CUST1035,Female,19.0,Electronics,2.0,25.0,50.0
1036,2023-01-17,CUST1036,Female,49.0,Clothing,2.0,500.0,1000.0
1037,2023-04-29,CUST1037,Female,30.0,Clothing,3.0,300.0,900.0
1038,2023-05-28,CUST1038,Female,63.0,Clothing,3.0,25.0,75.0
1039,2023-12-28,CUST1039,Female,44.0,Electronics,1.0,25.0,25.0
1040,2023-05-25,CUST1040,Female,58.0,Beauty,2.0,500.0,1000.0
1041,2023-12-26,CUST1041,Female,34.0,Clothing,2.0,50.0,100.0
1042,2023-08-21,CUST1042,Female,57.0,Electronics,2.0,30.0,60.0
1043,2023-02-06,CUST1043,Female,48.0,Electronics,3.0,50.0,150.0
1044,2023-12-18,CUST1044,Female,51.0,Beauty,2.0,500.0,1000.0
1045,2023-04-30,CUST1045,Female,41.0,Clothing,1.0,30.0,30.0
1046,2023-05-16,CUST1046,Male,62.0,Clothing,1.0,50.0,50.0
1047,2023-11-17,CUST1047,Male,52.0,Beauty,3.0,30.0,90.0
1048,2023-10-29,CUST1048,Female,23.0,Beauty,4.0,25.0,100.0
1049,2023-12-05,CUST1049,Female,36.0,Electronics,3.0,50.0,150.0
1050,2023-04-12,CUST1050,Male,47.0,Electronics,4.0,30.0,120.0
