,Transaction_ID,Date,Customer ID,Gender,Age,Product Category,Quantity,Price per Unit,Total Amount
0,1,24/11/23,CUST001,Male,34.0,Beauty,3.0,50.0,150.0
1,2,27/2/23,CUST002,Female,26.0,Clothing,2.0,500.0,1000.0
2,3,13/1/23,CUST003,Male,50.0,Electronics,1.0,30.0,30.0
3,4,20/4/23,CUST004,Female,5.0,,1.0,20.0,20.0
4,5,21/5/23,CUST005,Male,37.0,Clothing,1.0,500.0,500.0
5,6,6/5/23,CUST006,Male,30.0,Beauty,2.0,50.0,100.0
6,7,25/4/23,CUST007,Female,45.0,Beauty,1.0,30.0,30.0
7,8,13/3/23,CUST008,Male,46.0,Clothing,2.0,25.0,50.0
8,9,22/2/23,CUST009,Male,30.0,Electronics,4.0,25.0,100.0
9,10,13/12/23,CUST010,Male,63.0,Electronics,2.0,300.0,600.0
10,11,7/10/23,CUST011,Female,52.0,Clothing,4.0,50.0,200.0
11,12,14/2/23,CUST012,Male,23.0,Clothing,2.0,50.0,100.0
12,13,30/10/23,CUST013,Male,35.0,Beauty,3.0,25.0,75.0
13,14,5/8/23,CUST014,Male,22.0,Electronics,3.0,500.0,1500.0
14,15,17/1/23,CUST015,Male,64.0,Clothing,4.0,30.0,120.0
15,16,25/4/23,CUST016,Male,2.0,,1.0,40.0,40.0
16,17,16/1/23,CUST017,Female,42.0,Electronics,4.0,500.0,2000.0
17,18,17/2/23,CUST018,Male,19.0,Clothing,3.0,500.0,1500.0
18,19,22/4/23,CUST019,Female,27.0,Clothing,4.0,25.0,100.0
19,20,30/4/23,CUST020,Female,47.0,Electronics,2.0,25.0,50.0
20,21,16/9/23,CUST021,Female,62.0,Clothing,2.0,25.0,50.0
21,22,5/11/23,CUST022,Male,22.0,Clothing,3.0,300.0,900.0
22,23,14/1/23,CUST023,Female,50.0,Beauty,1.0,500.0,500.0
23,24,15/10/23,CUST024,Male,18.0,Clothing,2.0,50.0,100.0
24,25,12/4/23,CUST025,Female,35.0,Clothing,4.0,30.0,120.0
25,26,29/11/23,CUST026,Female,49.0,Clothing,1.0,300.0,300.0
26,27,26/12/23,CUST027,Female,64.0,Beauty,1.0,50.0,50.0
27,28,7/10/23,CUST028,Female,28.0,Electronics,2.0,500.0,1000.0
28,29,29/10/23,CUST029,Female,18.0,Electronics,-2.0,-20.0,-40.0
29,30,23/5/23,CUST030,Female,25.0,Electronics,0.0,0.0,0.0
30,31,3/8/23,CUST031,Female,38.0,Beauty,2.0,25.0,50.0
31,32,23/4/23,CUST032,Female,43.0,Beauty,1.0,500.0,500.0
32,33,18/8/23,CUST033,Female,42.0,Electronics,1.0,30.0,30.0
33,34,29/10/23,CUST034,Female,39.0,Beauty,3.0,300.0,900.0
34,35,23/5/23,CUST035,Male,44.0,Electronics,4.0,300.0,1200.0
35,36,4/1/23,CUST036,Male,30.0,Beauty,3.0,30.0,90.0
36,37,23/3/23,CUST037,Female,50.0,Electronics,2.0,50.0,100.0
37,38,24/12/23,CUST038,Female,51.0,Clothing,3.0,50.0,150.0
38,39,21/3/23,CUST039,Female,,Electronics,,,
39,40,5/8/23,CUST040,Female,58.0,Beauty,3.0,300.0,900.0
40,41,24/6/23,CUST041,Male,52.0,Beauty,3.0,300.0,900.0
41,42,23/5/23,CUST042,Female,18.0,Beauty,3.0,25.0,75.0
42,43,21/3/23,CUST043,Male,38.0,Beauty,4.0,50.0,200.0
43,44,21/4/23,CUST044,Male,,Electronics,,,
44,45,21/4/23,CUST045,Male,23.0,Clothing,4.0,30.0,120.0
45,46,22/6/23,CUST046,Male,45.0,Beauty,1.0,50.0,50.0
46,47,22/2/23,CUST047,Male,34.0,Clothing,2.0,25.0,50.0
47,48,17/2/23,CUST048,Male,22.0,Clothing,3.0,300.0,900.0
48,49,14/7/23,CUST049,Female,48.0,Clothing,1.0,300.0,300.0
49,50,19/2/23,CUST050,Female,22.0,Clothing,1.0,25.0,25.0
50,51,3/7/23,CUST051,Female,55.0,Electronics,1.0,30.0,30.0
51,52,26/6/23,CUST052,Female,20.0,Electronics,4.0,300.0,1200.0
52,53,6/11/23,CUST053,Female,40.0,Beauty,3.0,500.0,1500.0
53,54,16/5/23,CUST054,Male,54.0,Electronics,3.0,300.0,900.0
54,55,23/1/23,CUST055,Female,54.0,Electronics,2.0,500.0,1000.0
55,56,10/2/23,CUST056,,,Beauty,,,
56,57,24/8/23,CUST057,Female,27.0,Beauty,3.0,25.0,75.0
57,58,2/10/23,CUST058,Male,27.0,Beauty,3.0,25.0,75.0
58,59,5/3/23,CUST059,Female,36.0,Beauty,1.0,300.0,300.0
59,60,13/7/23,CUST060,Male,34.0,Electronics,2.0,50.0,100.0
60,61,23/1/23,CUST061,,,Beauty,,,
61,62,10/2/23,CUST062,Female,38.0,Electronics,3.0,500.0,1500.0
62,63,10/10/23,CUST063,Male,31.0,Beauty,4.0,30.0,120.0
63,64,31/5/23,CUST064,Female,26.0,Clothing,3.0,300.0,900.0
64,65,18/11/23,CUST065,Female,63.0,Beauty,1.0,30.0,30.0
65,66,13/11/23,CUST066,Male,18.0,Clothing,4.0,300.0,1200.0
66,67,5/7/23,CUST067,Male,62.0,Clothing,1.0,50.0,50.0
67,68,23/10/23,CUST068,Male,30.0,Beauty,3.0,50.0,150.0
68,69,9/4/23,CUST069,Male,21.0,Beauty,4.0,50.0,200.0
69,70,27/12/23,CUST070,Male,18.0,Beauty,2.0,50.0,100.0
70,71,5/7/23,CUST071,Female,,Beauty,,,
71,72,5/2/23,CUST072,Male,57.0,Electronics,2.0,25.0,50.0
72,73,24/1/23,CUST073,Male,49.0,Clothing,4.0,25.0,100.0
73,74,5/12/23,CUST074,Male,51.0,Electronics,4.0,500.0,2000.0
74,75,27/4/23,CUST075,Female,45.0,Electronics,1.0,30.0,30.0
75,76,29/5/23,CUST076,Female,48.0,Beauty,4.0,300.0,1200.0
76,77,10/2/23,CUST077,Male,25.0,Electronics,1.0,300.0,300.0
77,78,30/4/23,CUST078,Female,56.0,Beauty,3.0,25.0,75.0
78,79,23/1/23,CUST079,Female,,Electronics,,,
79,80,10/2/23,CUST080,Male,,Clothing,,,
80,81,10/10/23,CUST081,Male,,Clothing,,,
81,82,21/2/23,CUST082,Female,43.0,Clothing,1.0,300.0,300.0
82,83,14/7/23,CUST083,Female,51.0,Beauty,4.0,25.0,100.0
83,84,21/8/23,CUST084,,,Clothing,,,
84,85,23/5/23,CUST085,Female,20.0,Electronics,4.0,500.0,2000.0
85,86,21/8/23,CUST086,Male,29.0,Electronics,3.0,30.0,90.0
86,87,22/11/23,CUST087,Female,18.0,Beauty,4.0,500.0,2000.0
87,88,6/7/23,CUST088,Male,61.0,Beauty,4.0,50.0,200.0
88,89,25/3/23,CUST089,Female,22.0,Electronics,2.0,50.0,100.0
89,90,9/7/23,CUST090,Female,47.0,Clothing,2.0,50.0,100.0
90,91,1/7/23,CUST091,Female,47.0,Clothing,3.0,500.0,1500.0
91,92,18/4/23,CUST092,Male,34.0,Beauty,1.0,300.0,300.0
92,93,10/12/23,CUST093,Female,64.0,Clothing,2.0,30.0,60.0
93,94,17/5/23,CUST094,Male,40.0,Electronics,1.0,50.0,50.0
94,95,26/12/23,CUST095,Female,32.0,Beauty,4.0,50.0,200.0
95,96,16/12/23,CUST096,Male,54.0,Electronics,2.0,50.0,100.0
96,97,28/11/23,CUST097,Female,38.0,Electronics,3.0,30.0,90.0
97,98,6/2/23,CUST098,Male,31.0,Clothing,3.0,50.0,150.0
98,99,8/11/23,CUST099,Male,19.0,Beauty,3.0,30.0,90.0
99,100,22/11/23,CUST100,Female,28.0,Beauty,2.0,50.0,100.0
100,101,29/3/23,CUST101,Male,56.0,Clothing,1.0,500.0,500.0
101,102,1/10/23,CUST102,Female,55.0,Electronics,4.0,500.0,2000.0
102,103,6/5/23,CUST103,Female,51.0,Electronics,1.0,30.0,30.0
103,104,25/3/23,CUST104,Female,55.0,Electronics,1.0,500.0,500.0
104,105,25/8/23,CUST105,Female,51.0,Electronics,4.0,30.0,120.0
105,106,14/7/23,CUST106,Female,35.0,Beauty,4.0,500.0,2000.0
106,107,19/5/23,CUST107,Female,47.0,Beauty,2.0,500.0,1000.0
107,108,24/11/23,CUST108,Female,32.0,Clothing,2.0,30.0,60.0
108,109,19/12/23,CUST109,Female,44.0,Clothing,2.0,300.0,600.0
109,110,13/10/23,CUST110,Female,51.0,Beauty,2.0,500.0,1000.0
110,111,23/4/23,CUST111,Female,55.0,Beauty,2.0,50.0,100.0
111,112,25/7/23,CUST112,Female,,Beauty,,,
112,113,17/12/23,CUST113,Female,50.0,Electronics,4.0,300.0,1200.0
113,114,16/6/23,CUST114,Male,41.0,Electronics,1.0,30.0,30.0
114,115,29/1/23,CUST115,Male,32.0,Clothing,2.0,300.0,600.0
115,116,28/4/23,CUST116,Female,47.0,Beauty,2.0,25.0,50.0
116,117,17/1/23,CUST117,Female,59.0,Clothing,1.0,25.0,25.0
117,118,11/6/23,CUST118,Female,34.0,Beauty,2.0,500.0,1000.0
118,119,25/7/23,CUST119,Female,22.0,Electronics,1.0,500.0,500.0
119,120,11/6/23,CUST120,Female,,,,,
120,121,18/5/23,CUST121,Female,46.0,Clothing,1.0,50.0,50.0
121,122,3/2/23,CUST122,Female,21.0,Clothing,4.0,300.0,1200.0
122,123,19/4/23,CUST123,Female,27.0,Beauty,3.0,25.0,75.0
123,124,18/10/23,CUST124,Female,34.0,Electronics,4.0,500.0,2000.0
124,125,11/6/23,CUST125,Male,27.0,Clothing,3.0,300.0,900.0
125,126,16/5/23,CUST126,Male,,Beauty,,,
126,127,13/3/23,CUST127,Male,,Beauty,,,
127,128,7/5/23,CUST128,Male,,Electronics,,,
128,129,15/10/23,CUST129,Male,,Electronics,,,
129,130,19/4/23,CUST130,Female,34.0,Electronics,3.0,500.0,1500.0
130,131,2/12/23,CUST131,Male,37.0,Clothing,3.0,500.0,1500.0
131,132,13/9/23,CUST132,Female,41.0,Electronics,2.0,25.0,50.0
132,133,22/7/23,CUST133,Female,22.0,Beauty,4.0,25.0,100.0
133,134,26/11/23,CUST134,Male,51.0,Clothing,3.0,500.0,1500.0
134,135,23/8/23,CUST135,Female,23.0,Clothing,1.0,30.0,30.0
135,136,15/3/23,CUST136,Male,19.0,Electronics,2.0,500.0,1000.0
136,137,16/5/23,CUST137,Female,30.0,Electronics,4.0,500.0,2000.0
137,138,13/3/23,CUST138,Female,60.0,Clothing,3.0,50.0,150.0
138,139,7/5/23,CUST139,Male,60.0,Beauty,1.0,50.0,50.0
139,140,15/10/23,CUST140,Female,28.0,Electronics,4.0,50.0,200.0
140,141,3/10/23,CUST141,Male,64.0,Electronics,4.0,30.0,120.0
141,142,15/5/23,CUST142,Female,40.0,Electronics,2.0,30.0,60.0
142,143,27/10/23,CUST143,Male,33.0,Clothing,4.0,500.0,2000.0
143,144,26/10/23,CUST144,Male,,Beauty,,,
144,145,8/8/23,CUST145,Male,48.0,Clothing,2.0,50.0,100.0
145,146,26/10/23,CUST146,Female,28.0,Clothing,3.0,30.0,90.0
146,147,24/7/23,CUST147,Female,33.0,Clothing,2.0,25.0,50.0
147,148,5/7/23,CUST148,Male,25.0,Beauty,1.0,500.0,500.0
148,149,23/4/23,CUST149,Female,21.0,Beauty,2.0,300.0,600.0
149,150,12/3/23,CUST150,Female,57.0,Clothing,1.0,500.0,500.0
150,151,18/9/23,CUST151,Female,21.0,Beauty,2.0,300.0,600.0
151,152,10/9/23,CUST152,Male,42.0,Electronics,4.0,50.0,200.0
152,153,16/2/23,CUST153,Male,20.0,Electronics,3.0,300.0,900.0
153,154,25/1/23,CUST154,Male,49.0,Electronics,1.0,50.0,50.0
154,155,26/2/23,CUST155,Male,20.0,Clothing,2.0,25.0,50.0
155,156,20/3/23,CUST156,Male,44.0,Electronics,2.0,300.0,600.0
156,157,18/11/23,CUST157,Male,46.0,Beauty,2.0,500.0,1000.0
157,158,23/3/23,CUST158,Male,49.0,Clothing,4.0,50.0,200.0
158,159,15/12/23,CUST159,Male,36.0,Beauty,4.0,500.0,2000.0
159,160,5/8/23,CUST160,Male,38.0,Electronics,1.0,30.0,30.0
160,161,2/11/23,CUST161,Female,22.0,Electronics,1.0,50.0,50.0
161,162,2/2/23,CUST162,Male,35.0,Electronics,4.0,300.0,1200.0
162,163,17/7/23,CUST163,Female,45.0,Clothing,1.0,50.0,50.0
163,164,15/7/23,CUST164,Female,59.0,Beauty,3.0,500.0,1500.0
164,165,2/11/23,CUST165,Female,39.0,Clothing,3.0,25.0,75.0
165,166,28/8/23,CUST166,Male,38.0,Clothing,4.0,50.0,200.0
166,167,28/9/23,CUST167,Male,23.0,Electronics,1.0,300.0,300.0
167,168,9/5/23,CUST168,Male,18.0,Clothing,2.0,30.0,60.0
168,169,11/10/23,CUST169,Male,22.0,Clothing,3.0,25.0,75.0
169,170,6/1/23,CUST170,Female,58.0,Electronics,4.0,30.0,120.0
170,171,15/12/23,CUST171,Male,29.0,Clothing,1.0,50.0,50.0
171,172,28/2/23,CUST172,Male,43.0,Electronics,4.0,500.0,2000.0
172,173,16/12/23,CUST173,Male,63.0,Electronics,2.0,500.0,1000.0
173,174,2/10/23,CUST174,Male,51.0,Electronics,3.0,300.0,900.0
174,175,17/5/23,CUST175,Male,31.0,Electronics,4.0,500.0,2000.0
175,176,25/11/23,CUST176,Female,43.0,Clothing,4.0,25.0,100.0
176,177,24/6/23,CUST177,Male,62.0,Electronics,4.0,500.0,2000.0
177,178,27/2/23,CUST178,Female,44.0,Electronics,2.0,300.0,600.0
178,179,31/5/23,CUST179,Male,26.0,Clothing,4.0,50.0,200.0
179,180,11/8/23,CUST180,Female,43.0,Clothing,2.0,50.0,100.0
180,181,22/3/23,CUST181,Male,64.0,Beauty,2.0,500.0,1000.0
181,182,21/8/23,CUST182,Male,39.0,Clothing,2.0,30.0,60.0
182,183,2/1/23,CUST183,Female,64.0,Clothing,3.0,50.0,150.0
183,184,15/5/23,CUST184,Female,47.0,Beauty,3.0,500.0,1500.0
184,185,14/9/23,CUST185,Female,60.0,Clothing,4.0,300.0,1200.0
185,186,2/4/23,CUST186,Male,34.0,Clothing,4.0,500.0,2000.0
186,187,17/9/23,CUST187,Female,43.0,Clothing,3.0,50.0,150.0
187,188,24/2/23,CUST188,Male,53.0,Clothing,1.0,300.0,300.0
188,189,17/11/23,CUST189,Male,18.0,Beauty,3.0,500.0,1500.0
189,190,2/6/23,CUST190,Female,25.0,Clothing,2.0,25.0,50.0
190,191,24/11/23,CUST191,Female,52.0,Clothing,3.0,300.0,900.0
191,192,17/9/23,CUST192,Male,32.0,Beauty,2.0,25.0,50.0
192,193,8/11/23,CUST193,Male,64.0,Electronics,4.0,30.0,120.0
193,194,12/4/23,CUST194,Female,39.0,Beauty,1.0,300.0,300.0
194,195,20/3/23,CUST195,Female,31.0,Electronics,4.0,25.0,100.0
195,196,11/7/23,CUST196,Female,43.0,Beauty,2.0,50.0,100.0
196,197,24/3/23,CUST197,Male,45.0,Beauty,2.0,50.0,100.0
197,198,4/10/23,CUST198,Male,40.0,Clothing,2.0,30.0,60.0
198,199,8/9/23,CUST199,Male,,Beauty,,,
199,200,29/9/23,CUST200,Male,31.0,Electronics,1.0,300.0,300.0
200,201,1/1/23,CUST201,Male,41.0,Clothing,3.0,300.0,900.0
201,202,3/11/23,CUST202,Male,19.0,Electronics,4.0,300.0,1200.0
202,203,15/6/23,CUST203,Male,62.0,Beauty,4.0,30.0,120.0
203,204,8/9/23,CUST204,Female,43.0,Beauty,3.0,300.0,900.0
204,205,10/1/23,CUST205,Male,31.0,Electronics,4.0,50.0,200.0
205,206,27/2/23,CUST206,Male,24.0,Clothing,1.0,25.0,25.0
206,207,5/7/23,CUST207,Male,20.0,Clothing,4.0,50.0,200.0
207,208,7/6/23,CUST208,Female,64.0,Clothing,2.0,50.0,100.0
208,209,3/5/23,CUST209,Male,40.0,Clothing,3.0,25.0,75.0
209,210,30/1/23,CUST210,Male,63.0,Beauty,1.0,50.0,50.0
210,211,4/5/23,CUST211,Female,60.0,Beauty,3.0,30.0,90.0
211,212,18/10/23,CUST212,Male,64.0,Beauty,1.0,25.0,25.0
212,213,30/1/23,CUST213,Male,,Beauty,,,
213,214,10/2/23,CUST214,Male,62.0,Beauty,2.0,50.0,100.0
214,215,13/2/23,CUST215,Male,35.0,Beauty,3.0,500.0,1500.0
215,216,6/9/23,CUST216,Male,55.0,Clothing,4.0,50.0,200.0
216,217,5/2/23,CUST217,Male,52.0,Clothing,1.0,30.0,30.0
217,218,30/9/23,CUST218,Female,32.0,Clothing,3.0,300.0,900.0
218,219,6/3/23,CUST219,Female,42.0,Clothing,4.0,50.0,200.0
219,220,7/3/23,CUST220,Female,54.0,Beauty,3.0,300.0,900.0
220,221,4/12/23,CUST221,Male,45.0,Beauty,3.0,500.0,1500.0
221,222,1/9/23,CUST222,Male,27.0,Beauty,3.0,50.0,150.0
222,223,9/10/23,CUST223,Male,56.0,Electronics,1.0,25.0,25.0
223,224,26/3/23,CUST224,Female,34.0,Clothing,4.0,300.0,1200.0
224,225,16/5/23,CUST225,Male,56.0,Clothing,2.0,500.0,1000.0
225,226,28/9/23,CUST226,Male,39.0,Beauty,1.0,25.0,25.0
226,227,7/11/23,CUST227,Female,43.0,Clothing,1.0,25.0,25.0
227,228,5/8/23,CUST228,Male,61.0,Clothing,1.0,25.0,25.0
228,229,19/4/23,CUST229,Female,42.0,Beauty,2.0,25.0,50.0
229,230,4/10/23,CUST230,Female,34.0,Electronics,4.0,50.0,200.0
230,231,20/12/23,CUST231,Female,30.0,Electronics,4.0,50.0,200.0
231,232,13/4/23,CUST232,Male,37.0,Electronics,4.0,50.0,200.0
232,233,1/1/24,CUST233,Male,42.0,Beauty,3.0,500.0,1500.0
233,234,9/6/23,CUST234,Male,21.0,Clothing,3.0,500.0,1500.0
234,235,24/7/23,CUST235,Male,27.0,Beauty,3.0,500.0,1500.0
235,236,10/12/23,CUST236,Male,20.0,Beauty,2.0,30.0,60.0
236,237,20/12/23,CUST237,Male,,Beauty,,,
237,238,29/11/23,CUST238,Male,58.0,Clothing,3.0,500.0,1500.0
238,239,11/7/23,CUST239,Male,62.0,Electronics,2.0,50.0,100.0
239,240,13/8/23,CUST240,Female,35.0,Electronics,4.0,50.0,200.0
240,241,22/9/23,CUST241,Male,64.0,Beauty,3.0,30.0,90.0
241,242,20/8/23,CUST242,Female,53.0,Electronics,3.0,30.0,90.0
242,243,3/3/23,CUST243,Male,64.0,Beauty,1.0,500.0,500.0
243,244,7/5/23,CUST244,Male,39.0,Beauty,2.0,300.0,600.0
244,245,26/4/23,CUST245,Male,51.0,Clothing,4.0,30.0,120.0
245,246,2/2/23,CUST246,Female,64.0,Clothing,1.0,25.0,25.0
246,247,23/6/23,CUST247,Female,25.0,Clothing,1.0,50.0,50.0
247,248,11/1/23,CUST248,Female,57.0,Beauty,4.0,25.0,100.0
248,249,29/10/23,CUST249,Female,61.0,Clothing,1.0,50.0,50.0
249,250,11/10/23,CUST250,Male,36.0,Electronics,2.0,50.0,100.0
250,251,28/4/23,CUST251,Female,59.0,Electronics,2.0,30.0,60.0
251,252,29/10/23,CUST252,Male,58.0,Beauty,3.0,30.0,90.0
252,253,23/4/23,CUST253,Male,54.0,Beauty,1.0,25.0,25.0
253,254,4/1/23,CUST254,Female,23.0,Clothing,3.0,50.0,150.0
254,255,6/2/23,CUST255,Female,43.0,Beauty,1.0,25.0,25.0
255,256,29/12/23,CUST256,Female,51.0,Beauty,2.0,300.0,600.0
256,257,20/11/23,CUST257,Female,62.0,Electronics,2.0,25.0,50.0
257,258,31/1/23,CUST258,Female,23.0,Electronics,2.0,500.0,1000.0
258,259,28/4/23,CUST259,Female,54.0,Clothing,1.0,25.0,25.0
259,260,4/2/23,CUST260,Female,50.0,Beauty,2.0,500.0,1000.0
260,261,17/1/23,CUST261,Female,39.0,Beauty,1.0,500.0,500.0
261,262,19/6/23,CUST262,Male,38.0,Electronics,3.0,500.0,1500.0
262,263,6/2/23,CUST263,Female,23.0,Beauty,1.0,300.0,300.0
263,264,21/9/23,CUST264,Female,23.0,Electronics,3.0,25.0,75.0
264,265,2/5/23,CUST265,Male,21.0,Clothing,1.0,25.0,25.0
265,266,23/5/23,CUST266,Female,47.0,Electronics,3.0,300.0,900.0
266,267,9/12/23,CUST267,Male,28.0,Beauty,2.0,50.0,100.0
267,268,6/9/23,CUST268,Male,47.0,Clothing,3.0,30.0,90.0
268,269,20/4/23,CUST269,Female,48.0,Electronics,2.0,25.0,50.0
269,270,4/10/23,CUST270,Male,41.0,Electronics,2.0,30.0,60.0
270,271,9/3/23,CUST271,Male,26.0,Clothing,3.0,300.0,900.0
271,272,20/10/23,CUST272,Male,20.0,Clothing,1.0,50.0,50.0
272,273,23/10/23,CUST273,Male,48.0,Electronics,1.0,50.0,50.0
273,274,31/8/23,CUST274,Female,57.0,Beauty,4.0,50.0,200.0
274,275,5/5/23,CUST275,Male,54.0,Electronics,1.0,300.0,300.0
275,276,31/8/23,CUST276,Female,53.0,Clothing,4.0,500.0,2000.0
276,277,28/7/23,CUST277,Male,41.0,Electronics,1.0,500.0,500.0
277,278,8/4/23,CUST278,Male,48.0,Clothing,1.0,30.0,30.0
278,279,18/2/23,CUST279,Male,23.0,Clothing,2.0,500.0,1000.0
279,280,19/2/23,CUST280,Male,19.0,Beauty,4.0,500.0,2000.0
280,281,4/12/23,CUST281,Female,37.0,Clothing,1.0,50.0,50.0
281,282,9/8/23,CUST282,Female,45.0,Clothing,4.0,50.0,200.0
282,283,1/7/23,CUST283,Male,28.0,Beauty,2.0,30.0,60.0
283,284,5/8/23,CUST284,Male,21.0,Clothing,2.0,25.0,50.0
284,285,30/7/23,CUST285,Female,32.0,Beauty,4.0,30.0,120.0
285,286,28/8/23,CUST286,Male,23.0,Beauty,2.0,30.0,60.0
286,287,28/1/23,CUST287,Male,47.0,Clothing,3.0,300.0,900.0
287,288,11/12/23,CUST288,Male,55.0,Clothing,3.0,300.0,900.0
288,289,1/12/23,CUST289,Female,19.0,Electronics,2.0,30.0,60.0
289,290,27/11/23,CUST290,Female,32.0,Beauty,3.0,30.0,90.0
290,291,26/7/23,CUST291,Male,,Beauty,,,
291,292,20/2/23,CUST292,Female,28.0,Electronics,1.0,30.0,30.0
292,293,1/2/23,CUST293,Male,25.0,Clothing,4.0,500.0,2000.0
293,294,26/7/23,CUST294,Male,43.0,Electronics,1.0,300.0,300.0
294,295,23/6/23,CUST295,Female,62.0,Beauty,4.0,30.0,120.0
295,296,25/2/23,CUST296,Female,61.0,Electronics,2.0,50.0,100.0
296,297,8/5/23,CUST297,Female,22.0,Beauty,1.0,50.0,50.0
297,298,9/4/23,CUST298,Female,23.0,Clothing,2.0,500.0,1000.0
298,299,8/4/23,CUST299,Male,43.0,Clothing,2.0,500.0,1000.0
299,300,2/10/23,CUST300,Female,21.0,Beauty,4.0,25.0,100.0
300,301,18/8/23,CUST301,Male,36.0,Clothing,4.0,25.0,100.0
301,302,13/3/23,CUST302,Female,37.0,Clothing,4.0,25.0,100.0
302,303,5/8/23,CUST303,Male,50.0,Clothing,1.0,500.0,500.0
303,304,4/4/23,CUST304,Female,37.0,Clothing,3.0,500.0,1500.0
304,305,23/5/23,CUST305,Female,29.0,Beauty,4.0,500.0,2000.0
305,306,25/8/23,CUST306,Female,64.0,Electronics,4.0,50.0,200.0
306,307,8/5/23,CUST307,Female,18.0,Electronics,1.0,500.0,500.0
307,308,8/2/23,CUST308,Male,43.0,Clothing,4.0,50.0,200.0
308,309,8/2/23,CUST309,Male,,Clothing,,,
309,310,15/8/23,CUST310,Female,31.0,Electronics,1.0,25.0,25.0
310,311,9/10/23,CUST311,Male,55.0,Electronics,2.0,25.0,50.0
311,312,20/2/23,CUST312,Male,54.0,Clothing,4.0,25.0,100.0
312,313,26/1/23,CUST313,Male,28.0,Clothing,4.0,30.0,120.0
313,314,30/11/23,CUST314,Male,53.0,Electronics,2.0,30.0,60.0
314,315,4/10/23,CUST315,Female,30.0,Beauty,2.0,300.0,600.0
315,316,8/1/23,CUST316,Male,60.0,Clothing,2.0,300.0,600.0
316,317,17/2/23,CUST317,Male,20.0,Beauty,4.0,300.0,1200.0
317,318,2/5/23,CUST318,Male,50.0,Electronics,3.0,30.0,90.0
318,319,27/3/23,CUST319,Female,23.0,Clothing,3.0,30.0,90.0
319,320,28/7/23,CUST320,Female,27.0,Beauty,3.0,300.0,900.0
320,321,6/9/23,CUST321,Female,22.0,Clothing,4.0,300.0,1200.0
321,322,4/9/23,CUST322,Female,40.0,Electronics,2.0,500.0,1000.0
322,323,20/4/23,CUST323,Male,27.0,Beauty,4.0,300.0,1200.0
323,324,25/7/23,CUST324,Male,61.0,Electronics,2.0,500.0,1000.0
324,325,31/1/23,CUST325,Female,19.0,Electronics,4.0,50.0,200.0
325,326,26/3/23,CUST326,Male,30.0,Clothing,4.0,30.0,120.0
326,327,14/7/23,CUST327,Male,57.0,Beauty,2.0,300.0,600.0
327,328,2/1/23,CUST328,Male,19.0,Electronics,3.0,30.0,90.0
328,329,20/4/23,CUST329,Male,,Clothing,,,
329,330,25/7/23,CUST330,Male,,Clothing,,,
330,331,19/7/23,CUST331,Female,37.0,Electronics,2.0,30.0,60.0
331,332,16/5/23,CUST332,Female,18.0,Beauty,1.0,30.0,30.0
332,333,21/8/23,CUST333,Male,54.0,Electronics,1.0,50.0,50.0
333,334,27/5/23,CUST334,Female,26.0,Electronics,2.0,25.0,50.0
334,335,5/8/23,CUST335,Female,34.0,Beauty,4.0,300.0,1200.0
335,336,23/12/23,CUST336,Female,26.0,Beauty,1.0,25.0,25.0
336,337,12/10/23,CUST337,Female,28.0,Beauty,1.0,25.0,25.0
337,338,5/12/23,CUST338,Female,32.0,Beauty,4.0,25.0,100.0
338,339,7/9/23,CUST339,Male,41.0,Clothing,4.0,30.0,120.0
339,340,21/3/23,CUST340,Female,55.0,Beauty,3.0,500.0,1500.0
340,341,8/4/23,CUST341,Male,52.0,Clothing,4.0,30.0,120.0
341,342,1/6/23,CUST342,Male,47.0,Clothing,2.0,30.0,60.0
342,343,22/4/23,CUST343,Female,48.0,Clothing,2.0,25.0,50.0
343,344,30/1/23,CUST344,Male,22.0,Electronics,3.0,30.0,90.0
344,345,24/10/23,CUST345,Male,61.0,Clothing,1.0,25.0,25.0
345,346,5/10/23,CUST346,Male,31.0,Clothing,1.0,500.0,500.0
346,347,1/2/23,CUST347,Female,28.0,Electronics,4.0,300.0,1200.0
347,348,10/6/23,CUST348,Female,26.0,Electronics,2.0,25.0,50.0
348,349,30/1/23,CUST349,Male,51.0,Electronics,1.0,500.0,500.0
349,350,26/1/23,CUST350,Female,29.0,Beauty,3.0,300.0,900.0
350,351,27/10/23,CUST351,Female,52.0,Electronics,3.0,50.0,150.0
351,352,2/9/23,CUST352,Female,52.0,Electronics,2.0,25.0,50.0
352,353,15/9/23,CUST353,Female,18.0,Clothing,3.0,25.0,75.0
353,354,29/9/23,CUST354,Male,57.0,Electronics,3.0,50.0,150.0
354,355,22/3/23,CUST355,Male,39.0,Beauty,2.0,50.0,100.0
355,356,30/1/23,CUST356,Female,,Clothing,,,
356,357,30/1/23,CUST357,Female,46.0,Electronics,4.0,25.0,100.0
357,358,18/9/23,CUST358,Female,25.0,Beauty,4.0,50.0,200.0
358,359,11/2/23,CUST359,Male,28.0,Electronics,3.0,30.0,90.0
359,360,6/4/23,CUST360,Male,58.0,Electronics,4.0,300.0,1200.0
360,361,5/2/23,CUST361,Female,54.0,Electronics,4.0,300.0,1200.0
361,362,1/11/23,CUST362,Male,31.0,Electronics,3.0,300.0,900.0
362,363,4/2/23,CUST363,Female,47.0,Beauty,4.0,30.0,120.0
363,364,12/12/23,CUST364,Female,52.0,Beauty,3.0,50.0,150.0
364,365,1/5/23,CUST365,Male,38.0,Clothing,1.0,500.0,500.0
365,366,26/7/23,CUST366,Male,54.0,Beauty,2.0,50.0,100.0
366,367,3/3/23,CUST367,Female,22.0,Electronics,2.0,25.0,50.0
367,368,19/10/23,CUST368,Female,36.0,Clothing,4.0,300.0,1200.0
368,369,7/5/23,CUST369,Male,31.0,Clothing,4.0,50.0,200.0
369,370,24/10/23,CUST370,Female,43.0,Clothing,4.0,500.0,2000.0
370,371,1/11/23,CUST371,Male,21.0,Electronics,2.0,25.0,50.0
371,372,21/1/23,CUST372,Female,42.0,Beauty,1.0,30.0,30.0
372,373,14/11/23,CUST373,Male,62.0,Electronics,1.0,30.0,30.0
373,374,11/2/23,CUST374,Male,59.0,Clothing,2.0,500.0,1000.0
374,375,3/8/23,CUST375,Male,42.0,Electronics,1.0,25.0,25.0
375,376,3/12/23,CUST376,Female,35.0,Electronics,2.0,300.0,600.0
376,377,26/10/23,CUST377,Female,57.0,Beauty,1.0,50.0,50.0
377,378,17/10/23,CUST378,Male,25.0,Beauty,3.0,25.0,75.0
378,379,25/9/23,CUST379,Female,56.0,Clothing,3.0,30.0,90.0
379,380,11/6/23,CUST380,Male,57.0,Electronics,2.0,500.0,1000.0
380,381,14/5/23,CUST381,Male,31.0,Electronics,1.0,500.0,500.0
381,382,15/4/23,CUST382,Female,49.0,Beauty,4.0,50.0,200.0
382,383,9/12/23,CUST383,Female,55.0,Electronics,1.0,500.0,500.0
383,384,10/6/23,CUST384,Male,50.0,Electronics,3.0,500.0,1500.0
384,385,3/5/23,CUST385,Female,40.0,Electronics,3.0,25.0,75.0
385,386,16/5/23,CUST386,Female,32.0,Beauty,1.0,300.0,300.0
386,387,22/7/23,CUST387,Male,50.0,Clothing,1.0,50.0,50.0
387,388,9/3/23,CUST388,Male,42.0,Clothing,4.0,25.0,100.0
388,389,10/12/23,CUST389,Female,34.0,Electronics,4.0,300.0,1200.0
389,390,27/11/23,CUST390,Male,50.0,Clothing,1.0,25.0,25.0
390,391,3/6/23,CUST391,Male,64.0,Beauty,1.0,25.0,25.0
391,392,23/8/23,CUST392,Female,19.0,Beauty,1.0,500.0,500.0
392,393,11/6/23,CUST393,Male,31.0,Clothing,1.0,300.0,300.0
393,394,7/2/23,CUST394,Male,57.0,Clothing,2.0,50.0,100.0
394,395,5/1/23,CUST395,Female,57.0,Electronics,1.0,50.0,50.0
395,396,23/8/23,CUST396,Female,56.0,Clothing,4.0,300.0,1200.0
396,397,15/11/23,CUST397,Male,23.0,Electronics,3.0,500.0,1500.0
397,398,16/10/23,CUST398,Male,23.0,Electronics,2.0,30.0,60.0
398,399,21/2/23,CUST399,Female,20.0,Beauty,1.0,25.0,25.0
399,400,7/2/23,CUST400,Female,24.0,Beauty,3.0,500.0,1500.0
400,401,3/10/23,CUST401,Female,25.0,Beauty,2.0,300.0,600.0
401,402,20/4/23,CUST402,Female,59.0,Beauty,3.0,25.0,75.0
402,403,17/9/23,CUST403,Male,32.0,Clothing,1.0,50.0,50.0
403,404,16/5/23,CUST404,Female,64.0,Beauty,1.0,30.0,30.0
404,405,9/3/23,CUST405,Female,46.0,Clothing,4.0,50.0,200.0
405,406,28/6/23,CUST406,Male,50.0,Beauty,1.0,300.0,300.0
406,407,5/2/23,CUST407,Female,47.0,Clothing,1.0,25.0,25.0
407,408,6/5/23,CUST408,Male,56.0,Electronics,2.0,300.0,600.0
408,409,9/7/23,CUST409,Female,44.0,Clothing,4.0,25.0,100.0
409,410,26/5/23,CUST410,Female,53.0,Clothing,2.0,500.0,1000.0
410,411,22/3/23,CUST411,Female,46.0,Beauty,3.0,30.0,90.0
411,412,13/8/23,CUST412,Male,55.0,Clothing,1.0,500.0,500.0
412,413,6/10/23,CUST413,Male,50.0,Electronics,3.0,500.0,1500.0
413,414,27/12/23,CUST414,Female,54.0,Electronics,2.0,300.0,600.0
414,415,4/6/23,CUST415,Male,44.0,Beauty,1.0,30.0,30.0
415,416,10/11/23,CUST416,Male,50.0,Electronics,1.0,25.0,25.0
416,417,1/12/23,CUST417,Male,21.0,Clothing,2.0,25.0,50.0
417,418,28/9/23,CUST418,Male,39.0,Electronics,2.0,50.0,100.0
418,419,16/5/23,CUST419,,,Clothing,,,
419,420,5/1/23,CUST420,Male,19.0,Beauty,2.0,25.0,50.0
420,421,8/12/23,CUST421,Male,27.0,Clothing,2.0,300.0,600.0
421,422,11/10/23,CUST422,Female,22.0,Beauty,2.0,500.0,1000.0
422,423,3/6/23,CUST423,Female,27.0,Clothing,1.0,500.0,500.0
423,424,6/12/23,CUST424,Male,50.0,Electronics,2.0,500.0,1000.0
424,425,23/2/23,CUST425,Female,55.0,Beauty,1.0,30.0,30.0
425,426,10/3/23,CUST426,Female,30.0,Beauty,1.0,25.0,25.0
426,427,16/5/23,CUST427,Female,48.0,Clothing,2.0,300.0,600.0
427,428,1/3/23,CUST428,Female,64.0,Beauty,2.0,30.0,60.0
428,429,24/2/23,CUST429,Male,53.0,Clothing,4.0,50.0,200.0
429,430,11/10/23,CUST430,Female,62.0,Clothing,1.0,300.0,300.0
430,431,21/3/23,CUST431,Female,41.0,Clothing,2.0,300.0,600.0
431,432,20/5/23,CUST432,Male,32.0,Clothing,2.0,300.0,600.0
432,433,25/5/23,CUST433,Male,46.0,Electronics,2.0,500.0,1000.0
433,434,6/11/23,CUST434,Female,25.0,Clothing,4.0,300.0,1200.0
434,435,18/4/23,CUST435,Female,22.0,Beauty,4.0,25.0,100.0
435,436,25/6/23,CUST436,Female,46.0,Electronics,3.0,300.0,900.0
436,437,15/4/23,CUST437,Female,64.0,Beauty,1.0,500.0,500.0
437,438,18/12/23,CUST438,Female,21.0,Electronics,3.0,300.0,900.0
438,439,21/11/23,CUST439,Female,29.0,Clothing,2.0,50.0,100.0
439,440,16/5/23,CUST440,Male,62.0,Electronics,4.0,50.0,200.0
440,441,16/9/23,CUST441,Female,19.0,Electronics,4.0,500.0,2000.0
441,442,8/9/23,CUST442,Female,44.0,Beauty,3.0,25.0,75.0
442,443,9/5/23,CUST443,Male,48.0,Beauty,4.0,25.0,100.0
443,444,27/1/23,CUST444,Male,53.0,Clothing,2.0,30.0,60.0
444,445,17/2/23,CUST445,Male,53.0,Electronics,4.0,500.0,2000.0
445,446,21/11/23,CUST446,Male,43.0,Electronics,3.0,300.0,900.0
446,447,5/8/23,CUST447,Female,60.0,Electronics,2.0,500.0,1000.0
447,448,22/5/23,CUST448,Female,44.0,Clothing,3.0,30.0,90.0
448,449,23/1/23,CUST449,Female,22.0,Clothing,4.0,500.0,2000.0
449,450,2/1/23,CUST450,Female,37.0,Clothing,3.0,500.0,1500.0
450,451,20/6/23,CUST451,Female,28.0,Clothing,3.0,30.0,90.0
451,452,8/3/23,CUST452,Female,27.0,Clothing,1.0,25.0,25.0
452,453,23/11/23,CUST453,Male,57.0,Beauty,4.0,300.0,1200.0
453,454,15/5/23,CUST454,Female,55.0,Electronics,4.0,30.0,120.0
454,455,24/3/23,CUST455,Male,23.0,Electronics,3.0,50.0,150.0
455,456,15/8/23,CUST456,Male,25.0,Electronics,1.0,25.0,25.0
456,457,10/10/23,CUST457,Female,40.0,Electronics,4.0,50.0,200.0
457,458,28/12/23,CUST458,Male,64.0,Electronics,2.0,25.0,50.0
458,459,7/8/23,CUST459,Female,43.0,Electronics,3.0,300.0,900.0
459,460,15/10/23,CUST460,Male,63.0,Electronics,4.0,300.0,1200.0
460,461,5/1/23,CUST461,Female,60.0,Electronics,2.0,500.0,1000.0
461,462,27/2/23,CUST462,Male,29.0,Beauty,4.0,50.0,200.0
462,463,8/2/23,CUST463,Female,43.0,Electronics,2.0,25.0,50.0
463,464,20/12/23,CUST464,Female,30.0,Beauty,3.0,300.0,900.0
464,465,18/3/23,CUST465,Female,57.0,Clothing,4.0,30.0,120.0
465,466,7/10/23,CUST466,Female,35.0,Electronics,4.0,300.0,1200.0
466,467,19/1/23,CUST467,Female,42.0,Clothing,1.0,30.0,30.0
467,468,9/7/23,CUST468,Male,50.0,Clothing,3.0,25.0,75.0
468,469,26/10/23,CUST469,Male,64.0,Clothing,2.0,300.0,600.0
469,470,10/10/23,CUST470,Male,57.0,Beauty,4.0,300.0,1200.0
470,471,17/3/23,CUST471,Female,60.0,Clothing,4.0,25.0,100.0
471,472,9/8/23,CUST472,Male,29.0,Clothing,2.0,300.0,600.0
472,473,7/3/23,CUST473,Female,61.0,Clothing,3.0,30.0,90.0
473,474,22/1/23,CUST474,Female,53.0,Electronics,1.0,300.0,300.0
474,475,7/6/23,CUST475,Male,21.0,Electronics,1.0,50.0,50.0
475,476,6/7/23,CUST476,Male,22.0,Beauty,4.0,500.0,2000.0
476,477,21/1/23,CUST477,Female,54.0,Beauty,2.0,30.0,60.0
477,478,3/7/23,CUST478,Male,25.0,Electronics,4.0,50.0,200.0
478,479,18/4/23,CUST479,Female,59.0,Beauty,2.0,25.0,50.0
479,480,16/12/23,CUST480,Female,45.0,Electronics,1.0,30.0,30.0
480,481,8/5/23,CUST481,Female,48.0,Clothing,3.0,500.0,1500.0
481,482,8/12/23,CUST482,Female,26.0,Clothing,2.0,500.0,1000.0
482,483,22/2/23,CUST483,Female,46.0,Beauty,1.0,25.0,25.0
483,484,1/7/23,CUST484,Male,31.0,Electronics,4.0,25.0,100.0
484,485,14/10/23,CUST485,Male,57.0,Electronics,2.0,30.0,60.0
485,486,28/7/23,CUST486,Female,58.0,Beauty,3.0,300.0,900.0
486,487,14/11/23,CUST487,Female,39.0,Electronics,4.0,25.0,100.0
487,488,21/3/23,CUST488,Male,28.0,Clothing,4.0,300.0,1200.0
488,489,2/5/23,CUST489,Male,40.0,Beauty,1.0,50.0,50.0
489,490,25/3/23,CUST490,Female,18.0,Beauty,2.0,500.0,1000.0
490,491,1/4/23,CUST491,Male,63.0,Electronics,4.0,300.0,1200.0
491,492,31/7/23,CUST492,Female,54.0,Beauty,3.0,500.0,1500.0
492,493,13/1/23,CUST493,Male,38.0,Electronics,2.0,300.0,600.0
493,494,2/4/23,CUST494,Female,43.0,Electronics,3.0,50.0,150.0
494,495,20/6/23,CUST495,Male,63.0,Electronics,4.0,25.0,100.0
495,496,30/7/23,CUST496,Female,53.0,Electronics,3.0,50.0,150.0
496,497,9/12/23,CUST497,Male,40.0,Electronics,1.0,25.0,25.0
497,498,8/5/23,CUST498,Male,18.0,Beauty,3.0,25.0,75.0
498,499,17/5/23,CUST499,Female,57.0,Clothing,2.0,500.0,1000.0
499,500,23/3/23,CUST500,Male,32.0,Clothing,3.0,50.0,150.0
500,501,26/12/23,CUST501,Female,38.0,Beauty,3.0,300.0,900.0
501,502,25/2/23,CUST502,Male,64.0,Beauty,1.0,50.0,50.0
502,503,15/7/23,CUST503,Female,26.0,Clothing,3.0,500.0,1500.0
503,504,20/1/23,CUST504,Male,26.0,Clothing,3.0,25.0,75.0
504,505,29/8/23,CUST505,Female,27.0,Clothing,4.0,500.0,2000.0
505,506,24/4/23,CUST506,Male,43.0,Clothing,4.0,30.0,120.0
506,507,13/4/23,CUST507,Female,58.0,Clothing,2.0,30.0,60.0
507,508,24/8/23,CUST508,Male,52.0,Electronics,4.0,300.0,1200.0
508,509,29/6/23,CUST509,Female,42.0,Beauty,4.0,500.0,2000.0
509,510,6/6/23,CUST510,Female,43.0,Electronics,4.0,300.0,1200.0
510,511,27/4/23,CUST511,Female,28.0,Clothing,4.0,300.0,1200.0
511,512,26/4/23,CUST512,Female,,Clothing,,,
512,513,25/4/23,CUST513,Male,55.0,Clothing,1.0,30.0,30.0
513,514,13/1/23,CUST514,Female,19.0,Clothing,4.0,300.0,1200.0
514,515,4/12/23,CUST515,Male,24.0,Electronics,1.0,30.0,30.0
515,516,9/4/23,CUST516,Female,35.0,Electronics,1.0,25.0,25.0
516,517,24/7/23,CUST517,Male,44.0,Clothing,4.0,500.0,2000.0
517,518,18/6/23,CUST518,Female,51.0,Electronics,3.0,300.0,900.0
518,519,23/5/23,CUST519,Male,44.0,Electronics,1.0,30.0,30.0
519,520,5/2/23,CUST520,Male,34.0,Clothing,3.0,50.0,150.0
520,521,23/5/23,CUST521,Female,60.0,Electronics,3.0,300.0,900.0
521,522,29/6/23,CUST522,Male,61.0,Beauty,4.0,25.0,100.0
522,523,25/11/23,CUST523,Male,41.0,Beauty,2.0,25.0,50.0
523,524,18/9/23,CUST524,Female,42.0,Beauty,4.0,50.0,200.0
524,525,24/7/23,CUST525,Male,24.0,Beauty,2.0,30.0,60.0
525,526,14/12/23,CUST526,Male,23.0,Clothing,2.0,300.0,600.0
526,527,2/10/23,CUST527,Male,41.0,Clothing,4.0,30.0,120.0
527,528,19/6/23,CUST528,Female,50.0,Clothing,4.0,25.0,100.0
528,529,15/1/23,CUST529,Male,46.0,Beauty,2.0,30.0,60.0
529,530,1/3/23,CUST530,Female,60.0,Beauty,4.0,25.0,100.0
530,531,14/5/23,CUST531,Male,39.0,Electronics,2.0,30.0,60.0
531,532,2/4/23,CUST532,Male,43.0,Electronics,3.0,50.0,150.0
532,533,25/10/23,CUST533,Male,45.0,Beauty,4.0,500.0,2000.0
533,534,16/5/23,CUST534,Female,38.0,Beauty,3.0,50.0,150.0
534,535,20/1/23,CUST535,Male,24.0,Beauty,1.0,50.0,50.0
535,536,25/2/23,CUST536,Male,34.0,Beauty,3.0,500.0,1500.0
536,537,2/11/23,CUST537,Female,37.0,Electronics,3.0,500.0,1500.0
537,538,11/8/23,CUST538,Male,58.0,Beauty,2.0,300.0,600.0
538,539,26/6/23,CUST539,Female,37.0,Electronics,3.0,300.0,900.0
539,540,11/5/23,CUST540,,,,,,
540,541,10/6/23,CUST541,Female,39.0,Beauty,4.0,50.0,200.0
541,542,12/8/23,CUST542,Male,45.0,Beauty,2.0,50.0,100.0
542,543,7/11/23,CUST543,Female,57.0,Beauty,1.0,25.0,25.0
543,544,19/9/23,CUST544,Male,24.0,Electronics,4.0,25.0,100.0
544,545,1/3/23,CUST545,Female,18.0,Electronics,1.0,300.0,300.0
545,546,17/7/23,CUST546,Female,49.0,Clothing,3.0,300.0,900.0
546,547,23/10/23,CUST547,Male,30.0,Beauty,4.0,25.0,100.0
547,548,8/4/23,CUST548,Female,47.0,Clothing,4.0,25.0,100.0
548,549,11/5/23,CUST549,Female,40.0,Clothing,1.0,30.0,30.0
549,550,23/1/23,CUST550,Female,36.0,Electronics,4.0,30.0,120.0
550,551,5/3/23,CUST551,,,Clothing,,,
551,552,29/12/23,CUST552,Female,49.0,Electronics,4.0,25.0,100.0
552,553,12/8/23,CUST553,Female,47.0,Clothing,4.0,30.0,120.0
553,554,1/1/23,CUST554,Male,46.0,Beauty,3.0,500.0,1500.0
554,555,24/9/23,CUST555,Female,62.0,Electronics,1.0,300.0,300.0
555,556,3/10/23,CUST556,Male,46.0,Beauty,4.0,300.0,1200.0
556,557,18/12/23,CUST557,Female,47.0,Beauty,2.0,25.0,50.0
557,558,10/12/23,CUST558,Male,33.0,Clothing,2.0,50.0,100.0
558,559,11/4/23,CUST559,Male,57.0,Clothing,2.0,25.0,50.0
559,560,6/7/23,CUST560,Female,36.0,Clothing,2.0,30.0,60.0
560,561,9/8/23,CUST561,Female,35.0,Clothing,3.0,50.0,150.0
561,562,5/2/23,CUST562,Female,18.0,Electronics,4.0,30.0,120.0
562,563,7/12/23,CUST563,Male,31.0,Electronics,1.0,500.0,500.0
563,564,19/6/23,CUST564,Female,64.0,Clothing,4.0,30.0,120.0
564,565,16/11/23,CUST565,Male,19.0,Electronics,3.0,500.0,1500.0
565,566,10/6/23,CUST566,Male,45.0,Clothing,2.0,500.0,1000.0
566,567,6/12/23,CUST567,Male,47.0,Beauty,3.0,30.0,90.0
567,568,5/3/23,CUST568,Female,55.0,Beauty,4.0,30.0,120.0
568,569,3/6/23,CUST569,Female,21.0,Beauty,1.0,500.0,500.0
569,570,17/9/23,CUST570,Male,18.0,Clothing,3.0,50.0,150.0
570,571,8/6/23,CUST571,Male,25.0,Beauty,1.0,500.0,500.0
571,572,8/12/23,CUST572,Female,46.0,Electronics,3.0,300.0,900.0
572,573,29/7/23,CUST573,Male,56.0,Beauty,1.0,500.0,500.0
573,574,17/6/23,CUST574,Female,20.0,Beauty,1.0,50.0,50.0
574,575,26/7/23,CUST575,Male,49.0,Beauty,2.0,300.0,600.0
575,576,23/12/23,CUST576,Female,27.0,Electronics,1.0,25.0,25.0
576,577,1/6/23,CUST577,Male,27.0,Clothing,2.0,25.0,50.0
577,578,11/10/23,CUST578,Female,36.0,Electronics,4.0,50.0,200.0
578,579,7/3/23,CUST579,Male,63.0,Clothing,4.0,500.0,2000.0
579,580,9/4/23,CUST580,Female,51.0,Clothing,2.0,30.0,60.0
580,581,4/8/23,CUST581,Female,50.0,Beauty,2.0,50.0,100.0
581,582,7/12/23,CUST582,Male,40.0,Clothing,3.0,300.0,900.0
582,583,14/7/23,CUST583,Male,45.0,Electronics,3.0,300.0,900.0
583,584,13/12/23,CUST584,Female,49.0,Electronics,3.0,25.0,75.0
584,585,31/3/23,CUST585,Male,24.0,Clothing,4.0,300.0,1200.0
585,586,12/11/23,CUST586,Female,46.0,Beauty,3.0,50.0,150.0
586,587,19/10/23,CUST587,Male,25.0,Beauty,1.0,300.0,300.0
587,588,4/6/23,CUST588,Female,18.0,Electronics,1.0,50.0,50.0
588,589,27/7/23,CUST589,Female,20.0,Beauty,3.0,30.0,90.0
589,590,8/10/23,CUST590,Female,41.0,Clothing,1.0,25.0,25.0
590,591,1/1/23,CUST591,Female,40.0,Clothing,4.0,300.0,1200.0
591,592,5/6/23,CUST592,Female,25.0,Electronics,1.0,50.0,50.0
592,593,27/5/23,CUST593,Female,64.0,Clothing,4.0,500.0,2000.0
593,594,18/4/23,CUST594,Male,54.0,Electronics,2.0,25.0,50.0
594,595,9/8/23,CUST595,Male,20.0,Clothing,2.0,30.0,60.0
595,596,24/10/23,CUST596,Male,50.0,Electronics,2.0,50.0,100.0
596,597,7/11/23,CUST597,Female,45.0,Beauty,2.0,30.0,60.0
597,598,2/12/23,CUST598,Female,64.0,Clothing,1.0,30.0,30.0
598,599,14/6/23,CUST599,Female,25.0,Clothing,3.0,300.0,900.0
599,600,27/8/23,CUST600,Female,51.0,Electronics,1.0,300.0,300.0
600,601,15/8/23,CUST601,Male,52.0,Electronics,4.0,50.0,200.0
601,602,15/8/23,CUST602,Male,49.0,Clothing,1.0,500.0,500.0
602,603,12/12/23,CUST603,Female,41.0,Electronics,1.0,50.0,50.0
603,604,20/4/23,CUST604,Male,31.0,Clothing,4.0,500.0,2000.0
604,605,19/9/23,CUST605,Male,49.0,Beauty,2.0,30.0,60.0
605,606,31/8/23,CUST606,Female,63.0,Electronics,2.0,25.0,50.0
606,607,28/3/23,CUST607,Male,60.0,Clothing,2.0,50.0,100.0
607,608,4/12/23,CUST608,Female,33.0,Beauty,3.0,50.0,150.0
608,609,13/2/23,CUST609,Male,21.0,Beauty,4.0,500.0,2000.0
609,610,26/5/23,CUST610,Female,54.0,Clothing,4.0,30.0,120.0
610,611,28/3/23,CUST611,,,Clothing,,,
611,612,21/9/23,CUST612,Female,38.0,Electronics,1.0,30.0,30.0
612,613,13/1/23,CUST613,,,Clothing,,,
613,614,6/12/23,CUST614,Female,31.0,Clothing,3.0,500.0,1500.0
614,615,21/11/23,CUST615,Female,48.0,Beauty,2.0,30.0,60.0
615,616,14/11/23,CUST616,Male,35.0,Clothing,3.0,300.0,900.0
616,617,21/6/23,CUST617,Female,24.0,Electronics,4.0,25.0,100.0
617,618,17/2/23,CUST618,Female,27.0,Beauty,4.0,50.0,200.0
618,619,1/5/23,CUST619,Female,24.0,Clothing,1.0,25.0,25.0
619,620,11/12/23,CUST620,Male,50.0,Electronics,1.0,50.0,50.0
620,621,8/6/23,CUST621,Female,40.0,Beauty,4.0,300.0,1200.0
621,622,26/4/23,CUST622,Male,38.0,Electronics,2.0,30.0,60.0
622,623,12/4/23,CUST623,Female,36.0,Beauty,2.0,500.0,1000.0
623,624,17/3/23,CUST624,Male,36.0,Clothing,3.0,300.0,900.0
624,625,13/1/23,CUST625,Male,53.0,Electronics,4.0,25.0,100.0
625,626,24/1/23,CUST626,Female,46.0,Beauty,4.0,500.0,2000.0
626,627,6/5/23,CUST627,Male,35.0,Electronics,2.0,30.0,60.0
627,628,1/9/23,CUST628,Female,19.0,Electronics,2.0,300.0,600.0
628,629,9/11/23,CUST629,Female,18.0,Clothing,4.0,500.0,2000.0
629,630,7/2/23,CUST630,Female,64.0,Electronics,1.0,300.0,300.0
630,631,22/8/23,CUST631,Male,22.0,Beauty,4.0,300.0,1200.0
631,632,1/8/23,CUST632,Male,37.0,Beauty,4.0,30.0,120.0
632,633,19/11/23,CUST633,Female,28.0,Beauty,2.0,50.0,100.0
633,634,22/10/23,CUST634,Female,59.0,Beauty,2.0,500.0,1000.0
634,635,10/4/23,CUST635,Male,19.0,Clothing,1.0,30.0,30.0
635,636,23/12/23,CUST636,Female,20.0,Electronics,1.0,300.0,300.0
636,637,16/7/23,CUST637,Female,40.0,Clothing,3.0,30.0,90.0
637,638,11/9/23,CUST638,Female,29.0,Electronics,4.0,50.0,200.0
638,639,24/7/23,CUST639,Male,37.0,Electronics,2.0,500.0,1000.0
639,640,5/5/23,CUST640,Male,22.0,Electronics,1.0,50.0,50.0
640,641,17/3/23,CUST641,Male,54.0,Clothing,3.0,25.0,75.0
641,642,2/12/23,CUST642,Female,55.0,Electronics,3.0,500.0,1500.0
642,643,11/9/23,CUST643,,,Clothing,,,
643,644,19/12/23,CUST644,Female,47.0,Clothing,2.0,50.0,100.0
644,645,3/1/23,CUST645,Female,26.0,Beauty,2.0,300.0,600.0
645,646,24/2/23,CUST646,Male,51.0,Beauty,3.0,500.0,1500.0
646,647,6/8/23,CUST647,Female,61.0,Electronics,1.0,500.0,500.0
647,648,23/4/23,CUST648,Female,52.0,Clothing,3.0,30.0,90.0
648,649,1/4/23,CUST649,Female,39.0,Beauty,4.0,300.0,1200.0
649,650,23/12/23,CUST650,Female,61.0,Clothing,4.0,25.0,100.0
650,651,23/9/23,CUST651,Male,41.0,Clothing,2.0,50.0,100.0
651,652,26/8/23,CUST652,Male,34.0,Electronics,1.0,30.0,30.0
652,653,26/1/23,CUST653,Female,27.0,Beauty,1.0,50.0,50.0
653,654,13/10/23,CUST654,Male,47.0,Electronics,4.0,25.0,100.0
654,655,8/5/23,CUST655,Male,63.0,Electronics,3.0,25.0,75.0
655,656,4/3/23,CUST656,Female,40.0,Beauty,2.0,500.0,1000.0
656,657,22/8/23,CUST657,Female,49.0,Beauty,3.0,25.0,75.0
657,658,10/3/23,CUST658,Male,34.0,Clothing,3.0,50.0,150.0
658,659,26/8/23,CUST659,Female,34.0,Beauty,3.0,300.0,900.0
659,660,8/12/23,CUST660,Male,31.0,Clothing,1.0,300.0,300.0
660,661,29/9/23,CUST661,Female,26.0,Clothing,4.0,500.0,2000.0
661,662,14/10/23,CUST662,Male,57.0,Clothing,1.0,50.0,50.0
662,663,1/11/23,CUST663,Female,19.0,Beauty,4.0,50.0,200.0
663,664,12/6/23,CUST664,Male,62.0,Electronics,2.0,25.0,50.0
664,665,15/8/23,CUST665,Male,42.0,Clothing,2.0,50.0,100.0
665,666,10/11/23,CUST666,Male,56.0,Electronics,3.0,30.0,90.0
666,667,16/9/23,CUST667,Female,26.0,Electronics,4.0,25.0,100.0
667,668,7/8/23,CUST668,Male,39.0,Beauty,4.0,30.0,120.0
668,669,8/10/23,CUST669,Male,60.0,Electronics,4.0,500.0,2000.0
669,670,17/8/23,CUST670,Female,63.0,Electronics,3.0,300.0,900.0
670,671,23/3/23,CUST671,Female,21.0,Beauty,3.0,500.0,1500.0
671,672,1/9/23,CUST672,Male,43.0,Clothing,2.0,300.0,600.0
672,673,19/8/23,CUST673,Male,46.0,Electronics,1.0,500.0,500.0
673,674,13/5/23,CUST674,Female,62.0,Beauty,4.0,50.0,200.0
674,675,7/5/23,CUST675,Female,51.0,Electronics,4.0,30.0,120.0
675,676,23/11/23,CUST676,Female,40.0,Electronics,1.0,300.0,300.0
676,677,22/5/23,CUST677,Female,54.0,Clothing,4.0,25.0,100.0
677,678,24/9/23,CUST678,Female,28.0,Electronics,3.0,30.0,90.0
678,679,27/5/23,CUST679,,,Electronics,,,
679,680,6/9/23,CUST680,Male,23.0,Beauty,3.0,25.0,75.0
680,681,17/11/23,CUST681,Female,35.0,Electronics,4.0,30.0,120.0
681,682,3/5/23,CUST682,Male,38.0,Clothing,3.0,30.0,90.0
682,683,21/5/23,CUST683,Male,59.0,Clothing,3.0,500.0,1500.0
683,684,14/8/23,CUST684,Male,53.0,Beauty,4.0,300.0,1200.0
684,685,9/2/23,CUST685,Female,58.0,Clothing,2.0,300.0,600.0
685,686,1/1/24,CUST686,Male,55.0,Electronics,1.0,30.0,30.0
686,687,27/5/23,CUST687,Male,51.0,Clothing,3.0,50.0,150.0
687,688,1/5/23,CUST688,Female,34.0,Beauty,2.0,50.0,100.0
688,689,20/5/23,CUST689,Male,54.0,Clothing,3.0,25.0,75.0
689,690,21/6/23,CUST690,Male,42.0,Clothing,3.0,25.0,75.0
690,691,13/6/23,CUST691,Female,55.0,Clothing,1.0,500.0,500.0
691,692,4/10/23,CUST692,Male,29.0,Beauty,3.0,30.0,90.0
692,693,2/2/23,CUST693,Male,,,,20.0,40.0
693,694,11/2/23,CUST694,Male,40.0,Clothing,1.0,25.0,25.0
694,695,12/3/23,CUST695,Male,59.0,Clothing,1.0,25.0,25.0
695,696,19/3/23,CUST696,Female,39.0,Electronics,1.0,30.0,30.0
696,697,29/4/23,CUST697,Female,38.0,Beauty,2.0,500.0,1000.0
697,698,16/7/23,CUST698,Female,44.0,Clothing,4.0,25.0,100.0
698,699,22/12/23,CUST699,Male,48.0,Beauty,2.0,500.0,1000.0
699,700,20/3/23,CUST700,Male,23.0,Clothing,4.0,300.0,1200.0
700,701,28/12/23,CUST701,Female,44.0,Clothing,4.0,500.0,2000.0
701,702,20/4/23,CUST702,Male,57.0,Clothing,1.0,50.0,50.0
702,703,2/2/23,CUST703,Male,51.0,Electronics,3.0,50.0,150.0
703,704,1/8/23,CUST704,Female,29.0,Electronics,1.0,500.0,500.0
704,705,28/7/23,CUST705,Female,62.0,Electronics,3.0,50.0,150.0
705,706,19/6/23,CUST706,Male,24.0,Beauty,4.0,300.0,1200.0
706,707,16/4/23,CUST707,,-8.0,Electronics,4.0,20.0,80.0
707,708,5/10/23,CUST708,Male,27.0,Beauty,1.0,30.0,30.0
708,709,27/8/23,CUST709,Male,62.0,Electronics,3.0,50.0,150.0
709,710,1/8/23,CUST710,Female,34.0,Beauty,2.0,50.0,100.0
710,711,1/2/23,CUST711,Female,43.0,Clothing,3.0,500.0,1500.0
711,712,16/4/23,CUST712,Female,38.0,Clothing,1.0,300.0,300.0
712,713,4/8/23,CUST713,Female,45.0,Clothing,2.0,30.0,60.0
713,714,19/7/23,CUST714,Male,63.0,Electronics,3.0,500.0,1500.0
714,715,27/10/23,CUST715,Female,19.0,Beauty,3.0,500.0,1500.0
715,716,23/12/23,CUST716,Female,60.0,Electronics,3.0,300.0,900.0
716,717,11/1/23,CUST717,Female,18.0,Beauty,3.0,30.0,90.0
717,718,22/10/23,CUST718,Female,53.0,Clothing,3.0,300.0,900.0
718,719,14/7/23,CUST719,Female,43.0,Electronics,2.0,30.0,60.0
719,720,2/9/23,CUST720,Male,46.0,Beauty,4.0,300.0,1200.0
720,721,4/1/23,CUST721,Male,38.0,Beauty,2.0,500.0,1000.0
721,722,30/6/23,CUST722,Female,28.0,Clothing,2.0,500.0,1000.0
722,723,2/6/23,CUST723,Male,57.0,Electronics,2.0,25.0,50.0
723,724,23/4/23,CUST724,Male,55.0,Clothing,-1.0,-30.0,-30.0
724,725,19/7/23,CUST725,Female,28.0,Electronics,4.0,50.0,200.0
725,726,3/8/23,CUST726,Female,53.0,Electronics,1.0,300.0,300.0
726,727,3/10/23,CUST727,Male,56.0,Clothing,4.0,25.0,100.0
727,728,7/10/23,CUST728,Male,57.0,Electronics,2.0,50.0,100.0
728,729,5/11/23,CUST729,Female,52.0,Clothing,3.0,300.0,900.0
729,730,23/4/23,CUST730,Female,51.0,Clothing,3.0,30.0,90.0
730,731,7/9/23,CUST731,Female,64.0,Clothing,2.0,50.0,100.0
731,732,23/4/23,CUST732,Male,41.0,Beauty,3.0,500.0,1500.0
732,733,20/5/23,CUST733,Female,39.0,Electronics,2.0,25.0,50.0
733,734,12/8/23,CUST734,Female,22.0,Electronics,3.0,50.0,150.0
734,735,27/7/23,CUST735,Female,28.0,Beauty,,,
735,736,6/9/23,CUST736,Female,50.0,Clothing,4.0,50.0,200.0
736,737,15/1/23,CUST737,Male,53.0,Clothing,1.0,500.0,500.0
737,738,19/7/23,CUST738,Female,64.0,Electronics,1.0,300.0,300.0
738,739,22/6/23,CUST739,Female,37.0,Clothing,4.0,30.0,120.0
739,740,9/12/23,CUST740,Male,36.0,Electronics,4.0,500.0,2000.0
740,741,14/12/23,CUST741,Female,52.0,Beauty,2.0,30.0,60.0
741,742,27/7/23,CUST742,Female,60.0,Clothing,2.0,300.0,600.0
742,743,26/3/23,CUST743,Male,34.0,Electronics,2.0,50.0,100.0
743,744,28/8/23,CUST744,Female,62.0,Clothing,3.0,30.0,90.0
744,745,7/3/23,CUST745,Male,60.0,Electronics,2.0,25.0,50.0
745,746,15/11/23,CUST746,Male,51.0,Electronics,4.0,25.0,100.0
746,747,1/10/23,CUST747,Female,26.0,Clothing,1.0,500.0,500.0
747,748,14/1/23,CUST748,Female,43.0,Beauty,3.0,300.0,900.0
748,749,21/7/23,CUST749,Female,19.0,Electronics,2.0,500.0,1000.0
749,750,12/2/23,CUST750,,30.0,Clothing,,,
750,751,31/10/23,CUST751,Female,26.0,Electronics,3.0,500.0,1500.0
751,752,16/10/23,CUST752,Male,26.0,Electronics,3.0,500.0,1500.0
752,753,6/12/23,CUST753,Female,57.0,Beauty,2.0,25.0,50.0
753,754,14/1/23,CUST754,Male,34.0,Beauty,3.0,25.0,75.0
754,755,12/2/23,CUST755,Female,18.0,Clothing,1.0,500.0,500.0
755,756,26/11/23,CUST756,Female,42.0,Beauty,4.0,25.0,100.0
756,757,8/8/23,CUST757,Female,60.0,Clothing,4.0,300.0,1200.0
757,758,11/3/23,CUST758,Male,57.0,Clothing,1.0,500.0,500.0
758,759,25/8/23,CUST759,Female,59.0,Beauty,3.0,25.0,75.0
759,760,4/4/23,CUST760,Female,42.0,Clothing,2.0,30.0,60.0
760,761,26/1/23,CUST761,Female,56.0,Beauty,3.0,500.0,1500.0
761,762,14/5/23,CUST762,Female,52.0,Clothing,1.0,500.0,500.0
762,763,14/7/23,CUST763,Male,20.0,Beauty,3.0,300.0,900.0
763,764,10/5/23,CUST764,,,,-4.0,,
764,765,17/6/23,CUST765,Female,54.0,Beauty,4.0,50.0,200.0
765,766,19/4/23,CUST766,Male,61.0,Clothing,3.0,50.0,150.0
766,767,21/8/23,CUST767,Male,61.0,Electronics,1.0,300.0,300.0
767,768,17/6/23,CUST768,Male,47.0,Clothing,4.0,300.0,1200.0
768,769,22/6/23,CUST769,Male,55.0,Beauty,3.0,300.0,900.0
769,770,14/7/23,CUST770,Male,51.0,Electronics,3.0,50.0,150.0
770,771,23/5/23,CUST771,Male,29.0,Clothing,4.0,300.0,1200.0
771,772,4/8/23,CUST772,Female,36.0,Clothing,2.0,25.0,50.0
772,773,10/5/23,CUST773,Male,54.0,Clothing,4.0,500.0,2000.0
773,774,11/2/23,CUST774,Male,61.0,Electronics,2.0,500.0,1000.0
774,775,29/8/23,CUST775,Male,34.0,Beauty,1.0,30.0,30.0
775,776,10/1/23,CUST776,Female,27.0,Clothing,1.0,30.0,30.0
776,777,4/10/23,CUST777,Female,64.0,Clothing,4.0,500.0,2000.0
777,778,27/1/23,CUST778,Male,29.0,Clothing,4.0,25.0,100.0
778,779,21/1/23,CUST779,,,,0.0,,
779,780,29/6/23,CUST780,Female,33.0,Clothing,1.0,50.0,50.0
780,781,25/4/23,CUST781,Male,41.0,Clothing,2.0,50.0,100.0
781,782,29/11/23,CUST782,Male,36.0,Beauty,1.0,25.0,25.0
782,783,5/2/23,CUST783,Female,25.0,Beauty,4.0,50.0,200.0
783,784,30/11/23,CUST784,Male,48.0,Clothing,1.0,300.0,300.0
784,785,21/1/23,CUST785,Female,38.0,Electronics,4.0,500.0,2000.0
785,786,16/1/23,CUST786,Female,34.0,Beauty,4.0,500.0,2000.0
786,787,7/5/23,CUST787,Male,40.0,Electronics,1.0,25.0,25.0
787,788,13/4/23,CUST788,Male,54.0,Beauty,2.0,50.0,100.0
788,789,11/1/23,CUST789,Female,33.0,Clothing,3.0,30.0,90.0
789,790,15/11/23,CUST790,Male,23.0,Beauty,1.0,30.0,30.0
790,791,20/3/23,CUST791,Male,25.0,Clothing,3.0,50.0,150.0
791,792,21/1/23,CUST792,,23.0,Clothing,0.0,,
792,793,3/5/23,CUST793,Male,42.0,Beauty,1.0,30.0,30.0
793,794,6/3/23,CUST794,Female,35.0,Clothing,3.0,25.0,75.0
794,795,31/8/23,CUST795,Female,42.0,Clothing,2.0,25.0,50.0
795,796,9/12/23,CUST796,Male,29.0,Clothing,2.0,50.0,100.0
796,797,28/2/23,CUST797,Female,32.0,Clothing,1.0,30.0,30.0
797,798,16/10/23,CUST798,Female,43.0,Electronics,4.0,25.0,100.0
798,799,22/4/23,CUST799,Female,58.0,Clothing,3.0,25.0,75.0
799,800,27/8/23,CUST800,Female,62.0,Electronics,4.0,300.0,1200.0
800,801,25/12/23,CUST801,Female,43.0,Electronics,4.0,300.0,1200.0
801,802,12/5/23,CUST802,Male,64.0,Clothing,4.0,25.0,100.0
802,803,8/7/23,CUST803,Male,49.0,Electronics,2.0,50.0,100.0
803,804,27/8/23,CUST804,Male,44.0,Electronics,0.0,,
804,805,27/3/23,CUST805,Male,27.0,Beauty,1.0,500.0,500.0
805,806,7/11/23,CUST806,Female,33.0,Clothing,1.0,500.0,500.0
806,807,7/11/23,CUST807,Female,24.0,Electronics,2.0,25.0,50.0
807,808,28/2/23,CUST808,Male,34.0,Clothing,2.0,25.0,50.0
808,809,25/3/23,CUST809,Female,40.0,Clothing,1.0,25.0,25.0
809,810,9/6/23,CUST810,Male,43.0,Clothing,4.0,50.0,200.0
810,811,25/2/23,CUST811,Male,38.0,Electronics,3.0,300.0,900.0
811,812,24/10/23,CUST812,Male,39.0,Beauty,3.0,25.0,75.0
812,813,14/1/23,CUST813,Female,24.0,Beauty,3.0,25.0,75.0
813,814,9/6/23,CUST814,Female,31.0,Electronics,4.0,30.0,120.0
814,815,22/10/23,CUST815,Male,32.0,Clothing,1.0,50.0,50.0
815,816,13/12/23,CUST816,Male,24.0,Electronics,2.0,25.0,50.0
816,817,12/7/23,CUST817,Male,26.0,Electronics,1.0,30.0,30.0
817,818,23/7/23,CUST818,Male,25.0,Electronics,4.0,500.0,2000.0
818,819,12/4/23,CUST819,Female,40.0,Clothing,2.0,25.0,50.0
819,820,8/2/23,CUST820,Female,46.0,Electronics,4.0,25.0,100.0
820,821,31/10/23,CUST821,Male,35.0,Clothing,3.0,30.0,90.0
821,822,20/12/23,CUST822,Male,48.0,Electronics,3.0,50.0,150.0
822,823,18/11/23,CUST823,Female,47.0,Beauty,4.0,25.0,100.0
823,824,5/5/23,CUST824,Female,56.0,Electronics,2.0,500.0,1000.0
824,825,22/2/23,CUST825,Male,52.0,Electronics,2.0,25.0,50.0
825,826,23/12/23,CUST826,Male,35.0,Beauty,1.0,500.0,500.0
826,827,4/6/23,CUST827,Male,59.0,Clothing,3.0,300.0,900.0
827,828,17/12/23,CUST828,Female,56.0,Clothing,1.0,300.0,300.0
828,829,4/11/23,CUST829,Female,34.0,Electronics,1.0,500.0,500.0
829,830,3/3/23,CUST830,Female,31.0,Beauty,4.0,50.0,200.0
830,831,17/10/23,CUST831,Male,48.0,Clothing,4.0,25.0,100.0
831,832,22/1/23,CUST832,Male,41.0,Electronics,1.0,25.0,25.0
832,833,27/6/23,CUST833,Female,52.0,Beauty,3.0,300.0,900.0
833,834,30/9/23,CUST834,Female,61.0,Clothing,4.0,500.0,2000.0
834,835,8/8/23,CUST835,Male,62.0,Clothing,1.0,25.0,25.0
835,836,5/12/23,CUST836,Female,51.0,Beauty,1.0,25.0,25.0
836,837,17/10/23,CUST837,Female,36.0,Clothing,0.0,,
837,838,9/7/23,CUST838,Female,20.0,Beauty,1.0,50.0,50.0
838,839,5/2/23,CUST839,Male,54.0,Beauty,1.0,30.0,30.0
839,840,17/9/23,CUST840,Female,60.0,Beauty,1.0,300.0,300.0
840,841,28/11/23,CUST841,Male,57.0,Electronics,1.0,300.0,300.0
841,842,24/6/23,CUST842,Male,43.0,Beauty,4.0,30.0,120.0
842,843,7/1/23,CUST843,Male,40.0,Clothing,3.0,25.0,75.0
843,844,4/8/23,CUST844,Male,61.0,Clothing,1.0,50.0,50.0
844,845,8/9/23,CUST845,Male,56.0,Electronics,2.0,50.0,100.0
845,846,24/2/23,CUST846,Male,32.0,Clothing,4.0,300.0,1200.0
846,847,10/8/23,CUST847,Male,21.0,Clothing,4.0,50.0,200.0
847,848,5/7/23,CUST848,Female,46.0,Beauty,1.0,30.0,30.0
848,849,22/11/23,CUST849,Male,39.0,Clothing,4.0,25.0,100.0
849,850,24/8/23,CUST850,Male,42.0,Electronics,1.0,30.0,30.0
850,851,29/12/23,CUST851,Female,30.0,Beauty,3.0,500.0,1500.0
851,852,20/3/23,CUST852,Female,35.0,Beauty,3.0,300.0,900.0
852,853,5/9/23,CUST853,Female,1.0,Beauty,5.0,-20.0,-100.0
853,854,11/8/23,CUST854,Female,50.0,Electronics,4.0,50.0,200.0
854,855,1/4/23,CUST855,Male,33.0,Beauty,4.0,500.0,2000.0
855,856,25/9/23,CUST856,Female,62.0,Beauty,2.0,50.0,100.0
856,857,30/11/23,CUST857,Male,59.0,Electronics,4.0,25.0,100.0
857,858,19/5/23,CUST858,Male,61.0,Beauty,2.0,25.0,50.0
858,859,12/11/23,CUST859,Male,19.0,Electronics,3.0,25.0,75.0
859,860,3/10/23,CUST860,Male,52.0,Electronics,3.0,50.0,150.0
860,861,5/9/23,CUST861,Female,59.0,Clothing,1.0,500.0,500.0
861,862,27/8/23,CUST862,Female,51.0,Clothing,3.0,25.0,75.0
862,863,12/8/23,CUST863,Male,47.0,Beauty,2.0,500.0,1000.0
863,864,31/10/23,CUST864,Male,30.0,Beauty,4.0,50.0,200.0
864,865,18/5/23,CUST865,Male,30.0,Electronics,1.0,500.0,500.0
865,866,15/6/23,CUST866,Female,35.0,Beauty,2.0,50.0,100.0
866,867,6/5/23,CUST867,Male,49.0,Electronics,4.0,50.0,200.0
867,868,14/2/23,CUST868,Male,49.0,Electronics,1.0,300.0,300.0
868,869,23/5/23,CUST869,Female,52.0,Beauty,3.0,50.0,150.0
869,870,19/8/23,CUST870,Female,56.0,Electronics,2.0,50.0,100.0
870,871,5/5/23,CUST871,Male,63.0,Clothing,4.0,30.0,120.0
871,872,26/8/23,CUST872,Female,46.0,Beauty,1.0,25.0,25.0
872,873,19/10/23,CUST873,Female,46.0,Clothing,1.0,300.0,300.0
873,874,9/11/23,CUST874,Male,61.0,Beauty,3.0,300.0,900.0
874,875,9/12/23,CUST875,Female,33.0,Electronics,4.0,300.0,1200.0
875,876,14/7/23,CUST876,Male,61.0,Beauty,3.0,30.0,90.0
876,877,22/6/23,CUST877,Female,64.0,Clothing,3.0,50.0,150.0
877,878,15/1/23,CUST878,Male,27.0,Electronics,4.0,25.0,100.0
878,879,11/9/23,CUST879,Male,47.0,Beauty,4.0,500.0,2000.0
879,880,16/6/23,CUST880,Male,42.0,Beauty,4.0,50.0,200.0
880,881,6/1/23,CUST881,Male,,,,100.0,
881,882,4/4/23,CUST882,Female,56.0,Beauty,2.0,30.0,60.0
882,883,7/9/23,CUST883,Male,37.0,Clothing,4.0,50.0,200.0
883,884,19/4/23,CUST884,Female,22.0,Clothing,1.0,50.0,50.0
884,885,1/7/23,CUST885,Male,18.0,Beauty,3.0,30.0,90.0
885,886,13/5/23,CUST886,Male,47.0,Electronics,2.0,300.0,600.0
886,887,24/6/23,CUST887,Female,20.0,Electronics,4.0,300.0,1200.0
887,888,24/5/23,CUST888,Male,62.0,Clothing,2.0,25.0,50.0
888,889,2/11/23,CUST889,Male,31.0,Electronics,4.0,25.0,100.0
889,890,26/12/23,CUST890,Female,47.0,Clothing,2.0,300.0,600.0
890,891,22/5/23,CUST891,Male,21.0,Beauty,3.0,500.0,1500.0
891,892,12/10/23,CUST892,Male,35.0,Clothing,3.0,50.0,150.0
892,893,6/1/23,CUST893,Male,54.0,Clothing,1.0,500.0,500.0
893,894,22/9/23,CUST894,Male,42.0,Beauty,1.0,50.0,50.0
894,895,8/4/23,CUST895,Female,18.0,Electronics,4.0,300.0,1200.0
895,896,13/2/23,CUST896,Female,63.0,Clothing,3.0,25.0,75.0
896,897,4/5/23,CUST897,Male,32.0,Clothing,2.0,25.0,50.0
897,898,28/7/23,CUST898,Female,26.0,Beauty,2.0,500.0,1000.0
898,899,8/9/23,CUST899,Male,32.0,Electronics,2.0,25.0,50.0
899,900,12/10/23,CUST900,Female,41.0,Clothing,1.0,300.0,300.0
900,901,4/5/23,CUST901,Male,21.0,Beauty,2.0,500.0,1000.0
901,902,20/12/23,CUST902,Male,29.0,Clothing,1.0,50.0,50.0
902,903,1/9/23,CUST903,Male,54.0,Beauty,1.0,25.0,25.0
903,904,27/11/23,CUST904,Male,54.0,Electronics,4.0,30.0,120.0
904,905,31/12/23,CUST905,Male,60.0,Electronics,2.0,25.0,50.0
905,906,9/9/23,CUST906,Male,23.0,Electronics,2.0,50.0,100.0
906,907,18/8/23,CUST907,Female,56.0,Electronics,3.0,500.0,1500.0
907,908,9/1/23,CUST908,Male,63.0,Clothing,4.0,50.0,200.0
908,909,17/2/23,CUST909,Female,41.0,Clothing,3.0,30.0,90.0
909,910,1/9/23,CUST910,,0.0,Electronics,,20.0,
910,911,31/5/23,CUST911,Male,28.0,Electronics,4.0,300.0,1200.0
911,912,24/4/23,CUST912,Female,30.0,Electronics,2.0,25.0,50.0
912,913,27/7/23,CUST913,Female,51.0,Electronics,1.0,500.0,500.0
913,914,21/12/23,CUST914,Female,42.0,Clothing,1.0,300.0,300.0
914,915,5/5/23,CUST915,Male,24.0,Electronics,1.0,50.0,50.0
915,916,6/6/23,CUST916,Male,21.0,Electronics,1.0,500.0,500.0
916,917,6/12/23,CUST917,Female,25.0,Electronics,1.0,300.0,300.0
917,918,25/10/23,CUST918,Male,37.0,Beauty,3.0,500.0,1500.0
918,919,8/7/23,CUST919,Female,46.0,Electronics,4.0,30.0,120.0
919,920,31/8/23,CUST920,Male,62.0,Beauty,2.0,30.0,60.0
920,921,11/10/23,CUST921,Female,63.0,Beauty,3.0,25.0,75.0
921,922,29/9/23,CUST922,Female,27.0,Electronics,4.0,25.0,100.0
922,923,26/6/23,CUST923,Male,60.0,Beauty,1.0,30.0,30.0
923,924,6/8/23,CUST924,Female,51.0,Electronics,4.0,500.0,2000.0
924,925,9/10/23,CUST925,Male,43.0,Clothing,4.0,30.0,120.0
925,926,19/6/23,CUST926,Female,58.0,Clothing,1.0,25.0,25.0
926,927,30/6/23,CUST927,Female,20.0,Clothing,1.0,30.0,30.0
927,928,26/12/23,CUST928,Male,23.0,Clothing,1.0,30.0,30.0
928,929,21/8/23,CUST929,Male,22.0,Beauty,2.0,500.0,1000.0
929,930,19/5/23,CUST930,Male,22.0,Electronics,1.0,300.0,300.0
930,931,6/6/23,CUST931,Female,64.0,Electronics,2.0,25.0,50.0
931,932,9/5/23,CUST932,Male,40.0,Electronics,1.0,500.0,500.0
932,933,29/4/23,CUST933,Female,26.0,Clothing,2.0,30.0,60.0
933,934,3/3/23,CUST934,Female,52.0,Clothing,4.0,30.0,120.0
934,935,9/4/23,CUST935,Male,37.0,Electronics,3.0,300.0,900.0
935,936,11/6/23,CUST936,Male,59.0,Clothing,4.0,25.0,100.0
936,937,3/3/23,CUST937,Female,52.0,Electronics,4.0,25.0,100.0
937,938,2/10/23,CUST938,Female,35.0,Electronics,1.0,50.0,50.0
938,939,20/12/23,CUST939,Male,34.0,Electronics,2.0,25.0,50.0
939,940,5/4/23,CUST940,Male,41.0,Electronics,3.0,300.0,900.0
940,941,9/4/23,CUST941,Male,20.0,Electronics,1.0,50.0,50.0
941,942,21/4/23,CUST942,Male,49.0,Electronics,1.0,50.0,50.0
942,943,5/9/23,CUST943,Male,52.0,Electronics,1.0,30.0,30.0
943,944,22/5/23,CUST944,Female,55.0,Clothing,4.0,30.0,120.0
944,945,29/10/23,CUST945,Female,30.0,Electronics,2.0,25.0,50.0
945,946,26/9/23,CUST946,Female,64.0,Electronics,2.0,50.0,100.0
946,947,2/11/23,CUST947,Female,42.0,Clothing,3.0,30.0,90.0
947,948,25/5/23,CUST948,Male,26.0,Clothing,2.0,300.0,600.0
948,949,21/2/23,CUST949,Male,21.0,Clothing,2.0,30.0,60.0
949,950,10/4/23,CUST950,Male,31.0,Electronics,1.0,30.0,30.0
950,951,1/6/23,CUST951,Female,54.0,Beauty,1.0,50.0,50.0
951,952,27/4/23,CUST952,Female,51.0,Beauty,4.0,50.0,200.0
952,953,4/7/23,CUST953,Male,28.0,Clothing,1.0,500.0,500.0
953,954,2/4/23,CUST954,Male,58.0,Beauty,1.0,300.0,300.0
954,955,4/6/23,CUST955,Female,20.0,Clothing,1.0,50.0,50.0
955,956,8/1/23,CUST956,Female,45.0,Electronics,1.0,25.0,25.0
956,957,29/12/23,CUST957,Male,46.0,Beauty,4.0,300.0,1200.0
957,958,1/10/23,CUST958,Male,26.0,Electronics,1.0,300.0,300.0
958,959,6/3/23,CUST959,Female,20.0,Beauty,3.0,50.0,150.0
959,960,21/5/23,CUST960,Male,42.0,Electronics,3.0,300.0,900.0
960,961,24/1/23,CUST961,Male,51.0,Beauty,3.0,50.0,150.0
961,962,28/1/23,CUST962,Male,29.0,Electronics,3.0,30.0,90.0
962,963,11/10/23,CUST963,Female,59.0,Electronics,1.0,500.0,500.0
963,964,30/5/23,CUST964,Female,26.0,Beauty,3.0,30.0,90.0
964,965,24/12/23,CUST965,Female,32.0,Electronics,1.0,50.0,50.0
965,966,6/3/23,CUST966,Female,57.0,Electronics,4.0,50.0,200.0
966,967,23/11/23,CUST967,Female,42.0,Electronics,3.0,30.0,90.0
967,968,9/9/23,CUST968,Female,22.0,Beauty,2.0,25.0,50.0
968,969,22/2/23,CUST969,Female,28.0,Beauty,3.0,25.0,75.0
969,970,7/1/23,CUST970,Male,51.0,Electronics,3.0,25.0,75.0
970,971,21/10/23,CUST971,Male,41.0,Electronics,1.0,50.0,50.0
971,972,26/5/23,CUST972,Male,32.0,Beauty,3.0,300.0,900.0
972,973,29/8/23,CUST973,Male,55.0,Beauty,2.0,50.0,100.0
973,974,3/9/23,CUST974,Male,25.0,Electronics,1.0,300.0,300.0
974,975,14/8/23,CUST975,Male,22.0,Electronics,1.0,30.0,30.0
975,976,24/6/23,CUST976,Male,43.0,Electronics,4.0,500.0,2000.0
976,977,5/4/23,CUST977,Female,35.0,Clothing,4.0,300.0,1200.0
977,978,27/1/23,CUST978,Female,23.0,Beauty,3.0,25.0,75.0
978,979,10/5/23,CUST979,Male,54.0,Clothing,4.0,50.0,200.0
979,980,2/9/23,CUST980,Male,30.0,Beauty,4.0,30.0,120.0
980,981,28/2/23,CUST981,Female,45.0,Beauty,4.0,25.0,100.0
981,982,3/2/23,CUST982,Male,22.0,Beauty,1.0,30.0,30.0
982,983,25/7/23,CUST983,Male,30.0,Beauty,1.0,500.0,500.0
983,984,9/9/23,CUST984,Female,34.0,Beauty,1.0,50.0,50.0
984,985,7/2/23,CUST985,Male,57.0,Beauty,4.0,50.0,200.0
985,986,23/10/23,CUST986,Female,62.0,Beauty,1.0,500.0,500.0
986,987,19/11/23,CUST987,Male,49.0,Clothing,4.0,50.0,200.0
987,988,18/12/23,CUST988,Female,46.0,Electronics,1.0,300.0,300.0
988,989,28/1/23,CUST989,Female,20.0,Electronics,1.0,30.0,30.0
989,990,19/3/23,CUST990,Female,57.0,Clothing,2.0,25.0,50.0
990,991,18/3/23,CUST991,Male,51.0,Clothing,3.0,500.0,1500.0
991,992,16/10/23,CUST992,Female,57.0,Clothing,4.0,300.0,1200.0
992,993,5/6/23,CUST993,Male,44.0,Clothing,2.0,25.0,50.0
993,994,13/2/23,CUST994,Male,30.0,Beauty,1.0,25.0,25.0
994,995,8/5/23,CUST995,Male,62.0,Electronics,4.0,500.0,2000.0
995,996,2/3/23,CUST996,Male,50.0,Beauty,1.0,300.0,300.0
996,997,13/10/23,CUST997,Female,23.0,Electronics,3.0,25.0,75.0
997,998,2/8/23,CUST998,Female,41.0,Electronics,2.0,25.0,50.0
998,999,7/11/23,CUST999,Male,36.0,Clothing,3.0,300.0,900.0
999,1000,2/11/23,CUST1000,Male,33.0,Beauty,2.0,50.0,100.0
1000,1001,13/11/23,CUST1001,Female,57.0,Clothing,1.0,25.0,25.0
1001,1002,26/4/23,CUST1002,Male,45.0,Beauty,3.0,30.0,90.0
1002,1003,25/9/23,CUST1003,Female,50.0,Electronics,3.0,300.0,900.0
1003,1004,14/7/23,CUST1004,Male,58.0,Clothing,1.0,25.0,25.0
1004,1005,19/8/23,CUST1005,Male,30.0,Clothing,3.0,500.0,1500.0
1005,1006,15/8/23,CUST1006,Female,60.0,Electronics,4.0,30.0,120.0
1006,1007,2/6/23,CUST1007,Male,62.0,Electronics,2.0,25.0,50.0
1007,1008,16/5/23,CUST1008,Female,60.0,Electronics,5.0,10.0,-500.0
1008,1009,29/10/23,CUST1009,Female,42.0,Electronics,2.0,30.0,60.0
1009,1010,8/8/23,CUST1010,Male,59.0,Clothing,2.0,30.0,60.0
1010,1011,6/6/23,CUST1011,Male,53.0,Beauty,4.0,50.0,200.0
1011,1012,19/10/23,CUST1012,Male,44.0,Clothing,2.0,30.0,60.0
1012,1013,14/11/23,CUST1013,Female,55.0,Beauty,1.0,50.0,50.0
1013,1014,31/1/23,CUST1014,Male,24.0,Clothing,3.0,300.0,900.0
1014,1015,9/11/23,CUST1015,Male,22.0,Clothing,4.0,50.0,200.0
1015,1016,20/2/23,CUST1016,Male,60.0,Electronics,2.0,500.0,1000.0
1016,1017,17/4/23,CUST1017,Male,62.0,Beauty,1.0,25.0,25.0
1017,1018,17/11/23,CUST1018,Female,48.0,Clothing,3.0,300.0,900.0
1018,1019,19/4/23,CUST1019,Female,40.0,Clothing,3.0,300.0,900.0
1019,1020,16/5/23,CUST1020,Male,59.0,Electronics,4.0,500.0,2000.0
1020,1021,5/12/23,CUST1021,Female,27.0,Electronics,4.0,50.0,200.0
1021,1022,11/2/23,CUST1022,Male,49.0,Beauty,4.0,25.0,100.0
1022,1023,22/3/23,CUST1023,Male,60.0,Clothing,1.0,50.0,50.0
1023,1024,3/5/23,CUST1024,Male,47.0,Beauty,1.0,30.0,30.0
1024,1025,30/3/23,CUST1025,Female,56.0,Clothing,4.0,50.0,200.0
1025,1026,10/10/23,CUST1026,Female,48.0,Beauty,2.0,300.0,600.0
1026,1027,8/2/23,CUST1027,Female,35.0,Electronics,3.0,25.0,75.0
1027,1028,22/3/23,CUST1028,Female,53.0,Clothing,3.0,50.0,150.0
1028,1029,2/1/23,CUST1029,Female,19.0,Beauty,1.0,25.0,25.0
1029,1030,29/7/23,CUST1030,Female,31.0,Electronics,3.0,25.0,75.0
1030,1031,19/8/23,CUST1031,Female,30.0,Electronics,2.0,30.0,60.0
1031,1032,19/12/23,CUST1032,Female,46.0,Beauty,3.0,30.0,90.0
1032,1033,1/11/23,CUST1033,Female,29.0,Clothing,1.0,300.0,300.0
1033,1034,29/8/23,CUST1034,Male,56.0,Clothing,1.0,500.0,500.0
1034,1035,30/5/23,CUST1035,Female,19.0,Electronics,2.0,25.0,50.0
1035,1036,17/1/23,CUST1036,Female,49.0,Clothing,2.0,500.0,1000.0
1036,1037,29/4/23,CUST1037,Female,30.0,Clothing,3.0,300.0,900.0
1037,1038,28/5/23,CUST1038,Female,63.0,Clothing,3.0,25.0,75.0
1038,1039,28/12/23,CUST1039,Female,44.0,Electronics,1.0,25.0,25.0
1039,1040,25/5/23,CUST1040,Female,58.0,Beauty,2.0,500.0,1000.0
1040,1041,26/12/23,CUST1041,Female,34.0,Clothing,2.0,50.0,100.0
1041,1042,21/8/23,CUST1042,Female,57.0,Electronics,2.0,30.0,60.0
1042,1043,6/2/23,CUST1043,Female,48.0,Electronics,3.0,50.0,150.0
1043,1044,18/12/23,CUST1044,Female,51.0,Beauty,2.0,500.0,1000.0
1044,1045,30/4/23,CUST1045,Female,41.0,Clothing,1.0,30.0,30.0
1045,1046,16/5/23,CUST1046,Male,62.0,Clothing,1.0,50.0,50.0
1046,1047,17/11/23,CUST1047,Male,52.0,Beauty,3.0,30.0,90.0
1047,1048,29/10/23,CUST1048,Female,23.0,Beauty,4.0,25.0,100.0
1048,1049,5/12/23,CUST1049,Female,36.0,Electronics,3.0,50.0,150.0
1049,1050,12/4/23,CUST1050,Male,47.0,Electronics,4.0,30.0,120.0
